term,mode,metric,treatment,control,n_pairs,mean_delta,sd_delta,sigma_seed,mde,n_positive,n_negative,verdict,mode_verdict,term_verdict,tolerance
LAMBDA_T_PERP,leave_one_in,h1/variance/crpss,only:LAMBDA_T_PERP,all_off,6,0.003308594941288138,0.008481939963238878,0.0054922993424807295,0.005,4,2,NEUTRAL,INCONCLUSIVE,INCONCLUSIVE,
LAMBDA_T_PERP,leave_one_in,h1/variance/corr_var_err2_spearman,only:LAMBDA_T_PERP,all_off,6,0.019738565084038474,0.030514456876255664,0.027400808639026487,0.01,4,2,INCONCLUSIVE,INCONCLUSIVE,INCONCLUSIVE,
LAMBDA_T_PERP,leave_one_out,h1/variance/crpss,all_on,without:LAMBDA_T_PERP,6,0.0014974321410431424,0.006067364975726698,0.005963616866431463,0.005,4,2,NEUTRAL,NEUTRAL,INCONCLUSIVE,
LAMBDA_T_PERP,leave_one_out,h1/variance/corr_var_err2_spearman,all_on,without:LAMBDA_T_PERP,6,-0.0005201495485052943,0.007701122119882799,0.0079472426259632,0.01,3,3,NEUTRAL,NEUTRAL,INCONCLUSIVE,
LAMBDA_CASIMIR,leave_one_in,h1/variance/crpss,only:LAMBDA_CASIMIR,all_off,6,-0.0014563508572149053,0.004662320673894098,0.0054922993424807295,0.005,3,3,NEUTRAL,NEUTRAL,NEUTRAL,
LAMBDA_CASIMIR,leave_one_in,h1/variance/corr_var_err2_spearman,only:LAMBDA_CASIMIR,all_off,6,0.0019072730074868687,0.011803518827130868,0.027400808639026487,0.01,3,3,NEUTRAL,NEUTRAL,NEUTRAL,
LAMBDA_CASIMIR,leave_one_in,h1/direction/auc,only:LAMBDA_CASIMIR,all_off,,-0.011701079612981086,,,,,,BREACH,NEUTRAL,NEUTRAL,0.01
LAMBDA_CASIMIR,leave_one_out,h1/variance/crpss,all_on,without:LAMBDA_CASIMIR,6,0.0020076894484608587,0.006942521353604137,0.005947812208037635,0.005,4,2,NEUTRAL,NEUTRAL,NEUTRAL,
LAMBDA_CASIMIR,leave_one_out,h1/variance/corr_var_err2_spearman,all_on,without:LAMBDA_CASIMIR,6,0.006794898510709395,0.01773322248526729,0.011982920404598646,0.01,4,2,NEUTRAL,NEUTRAL,NEUTRAL,
LAMBDA_HD,leave_one_in,h1/variance/crpss,only:LAMBDA_HD,all_off,6,0.0019427368767793347,0.00348657824276353,0.0054922993424807295,0.005,4,2,NEUTRAL,INCONCLUSIVE,INCONCLUSIVE,
LAMBDA_HD,leave_one_in,h1/variance/corr_var_err2_spearman,only:LAMBDA_HD,all_off,6,0.02643326006997394,0.012293635943287142,0.027400808639026487,0.01,6,0,INCONCLUSIVE,INCONCLUSIVE,INCONCLUSIVE,
LAMBDA_HD,leave_one_in,h1/direction/auc,only:LAMBDA_HD,all_off,,-0.012554606443119945,,,,,,BREACH,INCONCLUSIVE,INCONCLUSIVE,0.01
LAMBDA_HD,leave_one_out,h1/variance/crpss,all_on,without:LAMBDA_HD,6,0.003349080221621411,0.005325454093081172,0.0024054444817672217,0.005,5,1,NEUTRAL,VALUE,INCONCLUSIVE,
LAMBDA_HD,leave_one_out,h1/variance/corr_var_err2_spearman,all_on,without:LAMBDA_HD,6,0.020687906191669086,0.013480922116388273,0.018237803907078763,0.01,6,0,VALUE,VALUE,INCONCLUSIVE,
LAMBDA_IFE,leave_one_in,h1/direction/mcc,only:LAMBDA_IFE,all_off,6,-0.01934122594379997,0.0384724697303441,0.022783919659920875,0.005,2,4,INCONCLUSIVE,INCONCLUSIVE,INCONCLUSIVE,
LAMBDA_IFE,leave_one_in,h1/direction/auc,only:LAMBDA_IFE,all_off,6,-0.0074598817933637,0.024950011205019235,0.02756557134948888,0.005,1,5,INCONCLUSIVE,INCONCLUSIVE,INCONCLUSIVE,
LAMBDA_IFE,leave_one_out,h1/direction/mcc,all_on,without:LAMBDA_IFE,6,-0.01454953106385857,0.023034456299475856,0.019446971502246425,0.005,1,5,INCONCLUSIVE,INCONCLUSIVE,INCONCLUSIVE,
LAMBDA_IFE,leave_one_out,h1/direction/auc,all_on,without:LAMBDA_IFE,6,-0.008644373747704798,0.014236876450620186,0.01370882704923686,0.005,2,4,INCONCLUSIVE,INCONCLUSIVE,INCONCLUSIVE,
LAMBDA_VAC_OVERFLOW,leave_one_in,h1/variance/crpss,only:LAMBDA_VAC_OVERFLOW,all_off,6,0.003504242495922035,0.008580593356756799,0.0054922993424807295,0.005,5,1,NEUTRAL,INCONCLUSIVE,INCONCLUSIVE,
LAMBDA_VAC_OVERFLOW,leave_one_in,h1/variance/corr_var_err2_spearman,only:LAMBDA_VAC_OVERFLOW,all_off,6,0.015941195740173632,0.03011705347246013,0.027400808639026487,0.01,4,2,INCONCLUSIVE,INCONCLUSIVE,INCONCLUSIVE,
LAMBDA_VAC_OVERFLOW,leave_one_out,h1/variance/crpss,all_on,without:LAMBDA_VAC_OVERFLOW,6,0.0011161839041974504,0.009192393618542283,0.00948654614690619,0.005,2,4,NEUTRAL,NEUTRAL,INCONCLUSIVE,
LAMBDA_VAC_OVERFLOW,leave_one_out,h1/variance/corr_var_err2_spearman,all_on,without:LAMBDA_VAC_OVERFLOW,6,0.0015321923675426276,0.005759430639530153,0.006447180258794077,0.01,4,2,NEUTRAL,NEUTRAL,INCONCLUSIVE,
LAMBDA_VAC_OVERFLOW,leave_one_out,h1/direction/auc,all_on,without:LAMBDA_VAC_OVERFLOW,,-0.011814150631421697,,,,,,BREACH,NEUTRAL,INCONCLUSIVE,0.01
LAMBDA_VAC,leave_one_in,coherence/coherence_primary,only:LAMBDA_VAC,all_off,6,-0.011562557582458055,0.2911786865947182,0.1766455781673707,0.01,2,4,INCONCLUSIVE,INCONCLUSIVE,INCONCLUSIVE,
LAMBDA_VAC,leave_one_out,coherence/coherence_primary,all_on,without:LAMBDA_VAC,6,-0.016422517044407555,0.10747651316896654,0.2506210427643957,0.01,3,3,INCONCLUSIVE,INCONCLUSIVE,INCONCLUSIVE,
family,all_on_vs_all_off,h1/variance/crpss,all_on,all_off,6,0.005620584675560055,0.011436313639765334,0.0054922993424807295,0.005,5,1,VALUE,INCONCLUSIVE,INCONCLUSIVE,
family,all_on_vs_all_off,h1/variance/corr_var_err2_spearman,all_on,all_off,6,0.036407324254578655,0.03289577565050211,0.027400808639026487,0.01,6,0,VALUE,INCONCLUSIVE,INCONCLUSIVE,
family,all_on_vs_all_off,h1/direction/mcc,all_on,all_off,6,-0.016801562731554143,0.015169825226933224,0.022783919659920875,0.005,1,5,INCONCLUSIVE,INCONCLUSIVE,INCONCLUSIVE,
family,all_on_vs_all_off,backtest/sharpe_net,all_on,all_off,6,-1.4659517059044471,18.715472518133826,15.085618052141365,0.5,3,3,INCONCLUSIVE,INCONCLUSIVE,INCONCLUSIVE,
family,all_on_vs_all_off,h1/direction/auc,all_on,all_off,,-0.011864393561853879,,,,,,BREACH,INCONCLUSIVE,INCONCLUSIVE,0.01
