ma_period_0,ma_period_1,ma_period_2,macd_0_fast,macd_0_slow,macd_0_signal,macd_1_fast,macd_1_slow,macd_1_signal,macd_2_fast,macd_2_slow,macd_2_signal,pair_0_short,pair_0_long,pair_0_sig,pair_1_short,pair_1_long,pair_1_sig,pair_2_short,pair_2_long,pair_2_sig,rsi_period_0,rsi_period_1,rsi_period_2,bb_period_0,bb_period_1,bb_period_2,momentum_period_0,momentum_period_1,momentum_period_2,epoch,timestamp,log_loss,log_point_loss,log_point_h0,log_point_h1,log_point_h2,log_trend_loss,log_local_trend,log_global_trend,log_extended_trend,log_dir_loss,log_reg_loss,log_inter_reg,log_vol_loss,log_var_nll,log_val_f1,log_val_dir_acc,log_val_loss,log_val_point_loss,log_val_point_h0,log_val_point_h1,log_val_point_h2,log_val_trend_loss,log_val_local_trend,log_val_global_trend,log_val_extended_trend,log_val_dir_loss,log_val_reg_loss,log_val_inter_reg,log_val_vol_loss,log_val_var_nll,change_ma_period_0,change_ma_period_1,change_ma_period_2,change_macd_0_fast,change_macd_0_slow,change_macd_0_signal,change_macd_1_fast,change_macd_1_slow,change_macd_1_signal,change_macd_2_fast,change_macd_2_slow,change_macd_2_signal,change_pair_0_short,change_pair_0_long,change_pair_0_sig,change_pair_1_short,change_pair_1_long,change_pair_1_sig,change_pair_2_short,change_pair_2_long,change_pair_2_sig,change_rsi_period_0,change_rsi_period_1,change_rsi_period_2,change_bb_period_0,change_bb_period_1,change_bb_period_2,change_momentum_period_0,change_momentum_period_1,change_momentum_period_2,change_epoch,convergence_score,mean_param_change_pct,std_param_change_pct
19.999916076660156,29.999860763549805,39.999755859375,14.999937057495117,19.999916076660156,11.999943733215332,5.999980926513672,6.999977111816406,4.999984264373779,29.999860763549805,59.99958038330078,6.999977111816406,28.999868392944336,45.99971389770508,8.999963760375977,10.999954223632812,15.999935150146484,8.999963760375977,3.999988079071045,39.999755859375,8.999963760375977,4.999988555908203,35.999794006347656,39.9998779296875,11.999946594238281,24.999893188476562,30.999858856201172,3.564946174621582,4.401193618774414,4.688875675201416,0,2025-11-14T22:07:17.256644,4.502345561981201,1.1018545627593994,0.36382633447647095,0.35603147745132446,0.3819967806339264,3.0039830207824707,0.6614525318145752,0.6614524722099304,1.6810778379440308,0.9769344925880432,0.22716422379016876,0.11358211189508438,0.5934077501296997,0.9517560601234436,0.35555556416511536,0.5166666507720947,8.204541206359863,1.6100960969924927,1.2373042106628418,0.20895233750343323,0.16383959352970123,7.657269477844238,2.218522787094116,2.2185232639312744,3.2202234268188477,0.9160158634185791,0.22716400027275085,0.11358200013637543,0.21290111541748047,3.508310079574585,,,,,,,,,,,,,,,,,,,,,,,,,,,,,,,,,,
19.999834060668945,29.999732971191406,39.99953079223633,14.999876022338867,19.999834060668945,11.999892234802246,5.999961853027344,6.9999542236328125,4.999967098236084,29.999732971191406,59.99919891357422,6.9999542236328125,28.999746322631836,45.999454498291016,8.999926567077637,10.999911308288574,15.999870300292969,8.999926567077637,3.99997615814209,39.99953079223633,8.999926567077637,4.99998664855957,35.9996452331543,39.9997673034668,11.999895095825195,24.999797821044922,30.999717712402344,3.564943313598633,4.401189804077148,4.68887186050415,1,2025-11-14T22:07:33.731466,4.187929153442383,1.0610345602035522,0.30950382351875305,0.34535688161849976,0.40617379546165466,2.696556806564331,0.554655909538269,0.5546558499336243,1.587244987487793,0.9526811838150024,0.2271633744239807,0.11358168721199036,0.5672001242637634,0.7886607646942139,0.39694657921791077,0.47333332896232605,8.146544456481934,1.6024266481399536,1.2266120910644531,0.21131744980812073,0.16449713706970215,7.599660873413086,2.1993188858032227,2.1993186473846436,3.2010228633880615,0.916685938835144,0.2271631807088852,0.1135815903544426,0.2126091867685318,3.4651808738708496,0.00041008167682588393,0.00042597650504333935,0.0005626712809526425,0.0004069027490985514,0.00041008167682588393,0.00042915545464927555,0.00031789244935496444,0.00032697512046308397,0.00034332383438935614,0.00042597650504333935,0.0006357873240538055,0.00032697512046308397,0.00042093402234094174,0.0005639152770370631,0.00041326053448786313,0.00039014111664283053,0.0004053132272541197,0.00041326053448786313,0.0002980241120580198,0.0005626712809526425,0.00041326053448786313,3.814705996794121e-05,0.0004132612351424638,0.0002765663957714715,0.00042915535233018637,0.0003814713563839689,0.00045530464987872285,8.02543098570751e-05,8.66741524242977e-05,8.135633209044587e-05,100.0,,,
19.99974822998047,29.99959945678711,39.99930191040039,14.999814987182617,19.99974822998047,11.999839782714844,5.999941825866699,6.999931335449219,4.999950408935547,29.99959945678711,59.998817443847656,6.999931335449219,28.99961280822754,45.99918746948242,8.99988842010498,10.999868392944336,15.99980354309082,8.99988842010498,3.9999642372131348,39.99930191040039,8.99988842010498,4.999988555908203,35.99946975708008,39.9996452331543,11.999841690063477,24.999719619750977,30.999591827392578,3.5649404525756836,4.401185989379883,4.688868045806885,2,2025-11-14T22:07:50.801727,4.114725112915039,1.020749807357788,0.30577731132507324,0.34262046217918396,0.3723520040512085,2.6837470531463623,0.5468078851699829,0.5468078851699829,1.5901312828063965,0.9677116870880127,0.22716253995895386,0.11358126997947693,0.5397067070007324,0.775590717792511,0.38759690523147583,0.47333332896232605,8.090028762817383,1.5952013731002808,1.2161098718643188,0.2137991338968277,0.16529233753681183,7.543076515197754,2.1804563999176025,2.1804563999176025,3.182163715362549,0.9173524379730225,0.22716233134269714,0.11358116567134857,0.21230441331863403,3.4231297969818115,0.00042915700308411293,0.0004450519757128779,0.000572211301993384,0.00040690440480376086,0.00042915700308411293,0.00043710465374198536,0.00033378813290998397,0.0003269761895938738,0.00033378820718634567,0.0004450519757128779,0.0006357913663347201,0.0003269761895938738,0.00046039852490943465,0.0005805042940317276,0.0004238587100898612,0.0003901426387496778,0.0004172358956385736,0.0004238587100898612,0.00029802500024438046,0.000572211301993384,0.0004238587100898612,3.8147074519928605e-05,0.0004874383430232897,0.00030517755659398575,0.0004450519049731531,0.0003128077055066516,0.00040608437448854903,8.02543742646693e-05,8.667422754844981e-05,8.135639827902742e-05,100.0,,,
19.999671936035156,29.99947166442871,39.99906921386719,14.999750137329102,19.999671936035156,11.999789237976074,5.999922275543213,6.999907493591309,4.999935150146484,29.99947166442871,59.998409271240234,6.999908447265625,28.999479293823242,45.99892044067383,8.99985122680664,10.999825477600098,15.999736785888672,8.99985122680664,3.9999513626098633,39.99906921386719,8.99985122680664,4.999990940093994,35.99932098388672,39.99951171875,11.999792098999023,24.99962043762207,30.999462127685547,3.5649373531341553,4.401182174682617,4.688864231109619,3,2025-11-14T22:08:08.778637,4.399121284484863,1.0805153846740723,0.35006245970726013,0.3607901632785797,0.3696627914905548,2.908431053161621,0.6239534020423889,0.6239534616470337,1.6605241298675537,0.9989092946052551,0.227161705493927,0.1135808527469635,0.5898944139480591,0.8685966730117798,0.38759690523147583,0.47333332896232605,8.034611701965332,1.5881158113479614,1.2057820558547974,0.2161259949207306,0.16620776057243347,7.487452983856201,2.161914110183716,2.161914110183716,3.1636247634887695,0.9179604649543762,0.2271614968776703,0.11358074843883514,0.21201293170452118,3.3820674419403076,0.00038147452875497776,0.00042598021544426243,0.0005817514858743587,0.00043233768930509725,0.00038147452875497776,0.00042121178019675204,0.0003258418840336682,0.0003406013111788075,0.0003051788080783882,0.00042598021544426243,0.0006803010872737283,0.0003269772587316552,0.000460400644587211,0.0005805076639036437,0.00041326399399304887,0.00039014416086840197,0.00041723763650376315,0.00041326399399304887,0.000321867959510918,0.0005817514858743587,0.00041326399399304887,4.7683824959926506e-05,0.00041326495740986714,0.00033378897117369833,0.00041326432243009596,0.0003967329650685017,0.00041839166061742063,8.694230856173078e-05,8.667430267273214e-05,8.135646446771669e-05,50.0,,,
19.99958038330078,29.999332427978516,39.998844146728516,14.999691009521484,19.99958038330078,11.999734878540039,5.999904155731201,6.999880790710449,4.999917984008789,29.999332427978516,59.998008728027344,6.999885559082031,28.999351501464844,45.998661041259766,8.999812126159668,10.99978256225586,15.999675750732422,8.999812126159668,3.99993896484375,39.998844146728516,8.999812126159668,4.999988555908203,35.99917221069336,39.999385833740234,11.999741554260254,24.999530792236328,30.999324798583984,3.564934492111206,4.401178359985352,4.688860893249512,4,2025-11-14T22:08:23.966012,4.362655162811279,1.0544624328613281,0.34236806631088257,0.3562009632587433,0.35589343309402466,2.875089645385742,0.6159472465515137,0.6159471869468689,1.6431952714920044,0.9676066040992737,0.22716082632541656,0.11358041316270828,0.5988221764564514,0.8945630788803101,0.3650793433189392,0.46666666865348816,7.980579376220703,1.5812441110610962,1.1956822872161865,0.21855458617210388,0.1670071929693222,7.433056354522705,2.143780469894409,2.1437807083129883,3.1454949378967285,0.9185971617698669,0.22716061770915985,0.11358030885457993,0.2117139995098114,3.3421072959899902,0.000457771180786428,0.00046412967452493306,0.0005626809400700928,0.0003941919503714878,0.000457771180786428,0.0004530032566165695,0.00030200077900306206,0.0003814747678283254,0.00034332720685006446,0.00046412967452493306,0.0006675897207205162,0.00032697832787642833,0.00044067121724374096,0.0005639250042771223,0.00043445881478787604,0.00039014568299900306,0.00038147600217918164,0.00043445881478787604,0.0003099479215965274,0.0005626809400700928,0.00043445881478787604,4.768380222246573e-05,0.0004132666652961755,0.0003147163661665792,0.00042121345397098584,0.00035858698721393244,0.0004430047882664767,8.025450844748924e-05,8.667437779714469e-05,7.118696432444944e-05,33.33333333333333,,,
19.9995059967041,29.99919891357422,39.998619079589844,14.999628067016602,19.9995059967041,11.999682426452637,5.999882698059082,6.99985408782959,4.999900817871094,29.99919891357422,59.99760437011719,6.999860763549805,28.99922752380371,45.9984016418457,8.999773025512695,10.999736785888672,15.999610900878906,8.999773025512695,3.999927043914795,39.998619079589844,8.999773025512695,4.99998664855957,35.9990119934082,39.999271392822266,11.999693870544434,24.999431610107422,30.99917984008789,3.5649313926696777,4.401174545288086,4.688857078552246,5,2025-11-14T22:08:40.653377,4.250505447387695,1.036702036857605,0.3235214352607727,0.3455134332180023,0.36766716837882996,2.785062313079834,0.587419867515564,0.5874199271202087,1.610222578048706,0.9854642748832703,0.2271599918603897,0.11357999593019485,0.5703259706497192,0.8349483013153076,0.4000000059604645,0.5099999904632568,7.927103042602539,1.5746320486068726,1.1855943202972412,0.22112298011779785,0.1679147183895111,7.378718376159668,2.125666856765747,2.125667095184326,3.1273844242095947,0.9192485213279724,0.2271597683429718,0.1135798841714859,0.21142441034317017,3.302647829055786,0.0003719407870267054,0.00044505791793004833,0.0005626841061863112,0.00041962534323445694,0.0003719407870267054,0.0004371103856314981,0.00035763358150719667,0.0003814762230638617,0.000343328385589821,0.00044505791793004833,0.0006739522172964369,0.000354227680113876,0.00042751873650191804,0.0005639281844091605,0.00043446070234069413,0.00041615701881758,0.00040531979851314397,0.00043446070234069413,0.000298027771419852,0.0005626841061863112,0.00043446070234069413,3.814705996794121e-05,0.0004450582480578771,0.00028610668784873424,0.00039737285677943126,0.00039673596168873413,0.0004676182369635726,8.69424539266857e-05,8.667445292168746e-05,8.135658857179933e-05,25.0,0.8010386948476419,1.9896130515235808,12.345179108948283
19.999422073364258,29.999059677124023,39.998409271240234,14.999568939208984,19.999422073364258,11.999627113342285,5.999864101409912,6.999828338623047,4.999884128570557,29.999059677124023,59.997230529785156,6.999835014343262,28.999099731445312,45.99813461303711,8.999735832214355,10.999687194824219,15.999542236328125,8.999735832214355,3.9999136924743652,39.998409271240234,8.999735832214355,4.99998664855957,35.998870849609375,39.99916076660156,11.999648094177246,24.99933624267578,30.999046325683594,3.5649285316467285,4.40117073059082,4.6888532638549805,6,2025-11-14T22:08:57.112595,4.149379253387451,1.0061731338500977,0.3137355446815491,0.32713934779167175,0.3652982711791992,2.7115392684936523,0.5646727085113525,0.5646727681159973,1.5821937322616577,0.9546212553977966,0.22715911269187927,0.11357955634593964,0.5706920623779297,0.797390878200531,0.43921566009521484,0.5233333110809326,7.873351097106934,1.5679130554199219,1.1754359006881714,0.22373566031455994,0.16874147951602936,7.323978424072266,2.107419013977051,2.1074187755584717,3.109140157699585,0.9199172854423523,0.22715887427330017,0.11357943713665009,0.21117030084133148,3.2631638050079346,0.0004196270640763851,0.00046413389436312564,0.0005245389826881154,0.0003941951583933368,0.0004196270640763851,0.00046095478518354624,0.0003099502124589495,0.0003678534755136972,0.0003337926319949584,0.00046413389436312564,0.000623092098352926,0.00036785312469430725,0.000440675043131892,0.0005805175811822738,0.00041326929284113737,0.00045083864658238297,0.0004291638790883224,0.00041326929284113737,0.0003337920987833874,0.0005245389826881154,0.00041326929284113737,0.0,0.0003920768682595231,0.00027657058954072973,0.0003814794584040759,0.00038147839970116505,0.0004307030217754834,8.025464263075789e-05,8.667452804636047e-05,8.135665476079822e-05,20.0,0.8526515239383009,1.473484760616991,9.604965700964602
19.999345779418945,29.998924255371094,39.99818420410156,14.99949836730957,19.999345779418945,11.999567985534668,5.999843597412109,6.999800682067871,4.999866485595703,29.998924255371094,59.996849060058594,6.999808311462402,28.998979568481445,45.99789047241211,8.999696731567383,10.999640464782715,15.99947738647461,8.999696731567383,3.99990177154541,39.99818420410156,8.999696731567383,4.99998664855957,35.99871826171875,39.99906921386719,11.999595642089844,24.999225616455078,30.998912811279297,3.5649254322052,4.401166915893555,4.688849449157715,7,2025-11-14T22:09:12.550248,4.285854816436768,1.0380547046661377,0.3404982089996338,0.3449603319168091,0.35259613394737244,2.8490350246429443,0.6073986291885376,0.6073984503746033,1.6342380046844482,0.9733407497406006,0.22715824842453003,0.11357912421226501,0.560857892036438,0.8700339794158936,0.32034632563591003,0.476666659116745,7.820986747741699,1.561307430267334,1.1655255556106567,0.22613444924354553,0.1696474701166153,7.270597457885742,2.0896239280700684,2.0896239280700684,3.0913493633270264,0.9205465316772461,0.22715802490711212,0.11357901245355606,0.21092469990253448,3.2248902320861816,0.00038148074995682116,0.0004514199924504775,0.0005626902238677361,0.0004704928501617605,0.00038148074995682116,0.000492747041709686,0.00034174103706642497,0.00039510333450865217,0.00035286767452668286,0.0004514199924504775,0.000635812225321171,0.0003814787177791835,0.0004143679113489451,0.0005307620125334473,0.0004344643854178069,0.0004248306399648761,0.0004053231808618792,0.0004344643854178069,0.000298029654427463,0.0005626902238677361,0.0004344643854178069,0.0,0.00042386854649541244,0.00022888663817028021,0.00043711354691972835,0.00044251663175871674,0.00043070487683440284,8.694259929212673e-05,8.667460317116371e-05,8.13567209499048e-05,16.666666666666664,0.9064148995395587,0.9358510046044132,5.5521790332549115
19.999269485473633,29.998783111572266,39.99795913696289,14.999429702758789,19.999269485473633,11.999513626098633,5.999823570251465,6.999773979187012,4.999849319458008,29.998783111572266,59.99644088745117,6.999781608581543,28.998851776123047,45.99763107299805,8.99966049194336,10.999588966369629,15.999412536621094,8.99966049194336,3.999889850616455,39.99795913696289,8.99966049194336,4.999985694885254,35.99856185913086,39.99895477294922,11.999544143676758,24.999135971069336,30.998775482177734,3.564922571182251,4.401163101196289,4.688845634460449,8,2025-11-14T22:09:28.286096,4.310714244842529,1.0234895944595337,0.344026654958725,0.30602818727493286,0.37343481183052063,2.8711154460906982,0.6145032644271851,0.6145032048225403,1.6421089172363281,0.97487872838974,0.2271573841571808,0.1135786920785904,0.5918993949890137,0.8631843328475952,0.33976832032203674,0.4300000071525574,7.767605304718018,1.5546507835388184,1.155392050743103,0.22871442139148712,0.17054422199726105,7.216034412384033,2.07143497467041,2.07143497467041,3.073164463043213,0.9212207794189453,0.22715717554092407,0.11357858777046204,0.21067911386489868,3.185824155807495,0.0003814822052379986,0.00047049620055243885,0.0005626933900884325,0.00045777898100179075,0.0003814822052379986,0.00045301160925698234,0.00033379471180164583,0.0003814805888370877,0.0003433319218576546,0.00047049620055243885,0.0006803234066730443,0.0003814801730448562,0.00044067881111697145,0.00056393763148351,0.00040267605792007643,0.0004681826942509506,0.00040532482373734763,0.00040267605792007643,0.0002980305426468593,0.0005626933900884325,0.00040267605792007643,1.9073537259964302e-05,0.0004344671017271869,0.00028610895257801336,0.00042916790383587094,0.00035859265049866505,0.0004430126385352821,8.025477681447523e-05,8.667467829609716e-05,8.135678713911909e-05,14.285714285714285,0.9294562680490435,0.705437319509565,4.048764101037977
19.99918556213379,29.99864387512207,39.997745513916016,14.999364852905273,19.99918556213379,11.999456405639648,5.999803066253662,6.999749183654785,4.999832630157471,29.99864387512207,59.99605941772461,6.999753952026367,28.99872398376465,45.997371673583984,8.99962043762207,10.999537467956543,15.999351501464844,8.99962043762207,3.9998779296875,39.997745513916016,8.99962043762207,4.999985694885254,35.998416900634766,39.99887466430664,11.999490737915039,24.999042510986328,30.998638153076172,3.5649194717407227,4.401159286499023,4.688841819763184,9,2025-11-14T22:09:43.890830,4.284033298492432,1.023765206336975,0.33279845118522644,0.319246768951416,0.37171995639801025,2.8289260864257812,0.5996966361999512,0.5996965169906616,1.629533052444458,1.0192742347717285,0.22715651988983154,0.11357825994491577,0.5728607773780823,0.8451445698738098,0.38367345929145813,0.49666666984558105,7.71451473236084,1.5480701923370361,1.1452529430389404,0.23135389387607574,0.17146335542201996,7.161419868469238,2.0532288551330566,2.0532288551330566,3.054962396621704,0.9219202399253845,0.22715632617473602,0.11357816308736801,0.2104925811290741,3.1470956802368164,0.0004196320265833074,0.00046414032755082304,0.0005340848670390956,0.0004323487945924864,0.0004196320265833074,0.0004768564857489055,0.000341743345660996,0.0003542333266801048,0.00033379607005673773,0.00046414032755082304,0.0006358205935550554,0.00039510597219026176,0.00044068075310367506,0.0005639408117579669,0.0004450648035547537,0.000468184886211565,0.00038148373329518494,0.0004450648035547537,0.00029803143087155,0.0005340848670390956,0.0004450648035547537,0.0,0.0004026785754969875,0.000200276839814578,0.0004450649214611417,0.00037385325283230083,0.0004430146011459557,8.694274465805386e-05,8.667475342116086e-05,8.135685332844107e-05,12.5,0.9428971610784118,0.5710283892158823,3.2254712633939344
19.99910545349121,29.99850082397461,39.99753952026367,14.999292373657227,19.99910545349121,11.999399185180664,5.999781608581543,6.999723434448242,4.999815464019775,29.99850082397461,59.995670318603516,6.999726295471191,28.998607635498047,45.99710464477539,8.999582290649414,10.999484062194824,15.999284744262695,8.999582290649414,3.999866485595703,39.99753952026367,8.999582290649414,4.999985694885254,35.99827575683594,39.99876022338867,11.999434471130371,24.998981475830078,30.998493194580078,3.5649163722991943,4.401155471801758,4.688838005065918,10,2025-11-14T22:09:59.689773,4.360362529754639,1.0589752197265625,0.3410968780517578,0.3435916006565094,0.37428683042526245,2.868443727493286,0.6146275401115417,0.614627480506897,1.6391887664794922,0.9861611127853394,0.2271556705236435,0.11357783526182175,0.5920074582099915,0.8826868534088135,0.4153846204280853,0.4933333396911621,7.661924362182617,1.541635513305664,1.135224461555481,0.23396950960159302,0.1724415272474289,7.107378959655762,2.0352137088775635,2.0352134704589844,3.036952018737793,0.922623872756958,0.22715546190738678,0.11357773095369339,0.2101668119430542,3.1087746620178223,0.0004005595244328435,0.00047685871420197787,0.0005150131581093257,0.0004832154478383548,0.0004005595244328435,0.00047685875968082886,0.00035763960720362466,0.0003678589884777028,0.00034333424666600987,0.00047685871420197787,0.0006485411289842123,0.00039510753328372237,0.0004012185731575698,0.0005805305800703023,0.00042387312799082227,0.0004855273403479896,0.0004172494250302923,0.00042387312799082227,0.0002861110263374737,0.0005150131581093257,0.00042387312799082227,0.0,0.00039208334971429316,0.0002861103441764385,0.00046890977206375455,0.0002441499758367821,0.00046762859509479754,8.694282024852806e-05,8.667482854635478e-05,8.135691951787077e-05,11.11111111111111,0.9518577432868319,0.4814225671316804,2.6948484113181723
19.9990177154541,29.998353958129883,39.99732208251953,14.999216079711914,19.9990177154541,11.999341011047363,5.999762535095215,6.99969482421875,4.99979829788208,29.998353958129883,59.995269775390625,6.999699592590332,28.99847984313965,45.9968376159668,8.999543190002441,10.999435424804688,15.999217987060547,8.999543190002441,3.99985408782959,39.99732208251953,8.999543190002441,4.999984264373779,35.99810791015625,39.99867248535156,11.999380111694336,24.998916625976562,30.99835968017578,3.564913272857666,4.401151657104492,4.688834190368652,11,2025-11-14T22:10:15.709289,4.155454158782959,1.0158993005752563,0.30041271448135376,0.3504466116428375,0.3650399148464203,2.675676107406616,0.544110894203186,0.544110894203186,1.5874543190002441,0.9873751997947693,0.22715479135513306,0.11357739567756653,0.5804803371429443,0.7736335396766663,0.4198473393917084,0.4933333396911621,7.610354423522949,1.535118579864502,1.125365972518921,0.23640725016593933,0.17334528267383575,7.054304122924805,2.0175206661224365,2.0175204277038574,3.019263505935669,0.9232905507087708,0.22715455293655396,0.11357727646827698,0.20997068285942078,3.07147216796875,0.0004387098078632248,0.0004895772811726253,0.0005436277999812115,0.0005086502977066611,0.0004387098078632248,0.0004848087175283466,0.0003179030100169649,0.0004087337129833719,0.0003433354254541064,0.0004895772811726253,0.0006676201978635518,0.0003814846428588459,0.00044068446321541015,0.0005805339502474111,0.00043447179779979245,0.00044217883185889816,0.0004172511660083834,0.00043447179779979245,0.0003099544986795938,0.0005436277999812115,0.00043447179779979245,2.861031134694485e-05,0.0004662631088813373,0.0002193518914570545,0.00045301664979245876,0.000259409982675991,0.00043071256224873306,8.69428958391337e-05,8.667490367167894e-05,8.135698570740815e-05,10.0,0.9583090961624976,0.4169090383750238,2.3204910328314643
19.998937606811523,29.998214721679688,39.99709701538086,14.9991455078125,19.998937606811523,11.999284744262695,5.999741077423096,6.999667167663574,4.999781131744385,29.99822235107422,59.994834899902344,6.999673843383789,28.99834632873535,45.9965705871582,8.999505043029785,10.99938678741455,15.999143600463867,8.999505043029785,3.9998416900634766,39.99708557128906,8.999505043029785,4.999984264373779,35.99795150756836,39.99858856201172,11.9993257522583,24.998825073242188,30.998226165771484,3.5649099349975586,4.401147842407227,4.688830375671387,12,2025-11-14T22:10:30.171250,4.2846903800964355,1.0310440063476562,0.32892781496047974,0.33677923679351807,0.3653370141983032,2.8258538246154785,0.5983213186264038,0.5983211994171143,1.629211187362671,1.0032100677490234,0.22715389728546143,0.11357694864273071,0.582087516784668,0.8325921893119812,0.41767066717147827,0.5166666507720947,7.560416221618652,1.5291953086853027,1.1157389879226685,0.23909476399421692,0.17436160147190094,7.002450942993164,2.000234365463257,2.000234365463257,3.0019822120666504,0.923945426940918,0.22715365886688232,0.11357682943344116,0.2097099870443344,3.0351638793945312,0.00040056288622726505,0.00046414696749578783,0.0005627055186533064,0.00047050391859824423,0.00040056288622726505,0.0004689156230843506,0.0003576420232238424,0.00039511087083525894,0.00034333660425029733,0.0004387142569480735,0.0007248496254943601,0.00036786159466366345,0.0004604186323527622,0.0005805373204636503,0.00042387676630773136,0.0004421807870887372,0.00046493895351540343,0.00042387676630773136,0.0003099554594004841,0.0005913176636695763,0.00042387676630773136,0.0,0.00043447446816086317,0.00020981531293190958,0.0004530187020426057,0.00036622680792441567,0.0004307144173898362,9.363089230909163e-05,8.667497879713331e-05,8.135705189705322e-05,9.090909090909092,0.9631965425926703,0.36803457407329726,2.0406172564529164
19.998857498168945,29.998071670532227,39.99686813354492,14.999074935913086,19.998842239379883,11.999227523803711,5.999717712402344,6.999639511108398,4.999763488769531,29.998088836669922,59.9943962097168,6.999646186828613,28.99822235107422,45.99626922607422,8.999466896057129,10.999336242675781,15.999067306518555,8.999466896057129,3.9998292922973633,39.996856689453125,8.999466896057129,4.999982833862305,35.99779510498047,39.99846267700195,11.999277114868164,24.998699188232422,30.998096466064453,3.564906597137451,4.401144027709961,4.688826560974121,13,2025-11-14T22:10:43.829891,4.163974285125732,1.0286340713500977,0.3088912069797516,0.3363393545150757,0.38340356945991516,2.7024567127227783,0.5558301210403442,0.5558302998542786,1.5907962322235107,0.9838175177574158,0.2271529585123062,0.1135764792561531,0.5625519752502441,0.7778435349464417,0.40449437499046326,0.4699999988079071,7.510567665100098,1.5233919620513916,1.106068730354309,0.24187155067920685,0.17545166611671448,6.950364112854004,1.9828706979751587,1.9828706979751587,2.9846224784851074,0.9246583580970764,0.22715269029140472,0.11357634514570236,0.20948271453380585,2.9989054203033447,0.00040056449073995037,0.00047686553612657004,0.000572246120385896,0.0004705061323480342,0.00047686248897613144,0.00047686558160672224,0.00038943381806717,0.0003951124319674297,0.00035287494369498786,0.0004450743871897927,0.0007312132557391021,0.0003951120551412934,0.0004275335556288575,0.0006551816366686087,0.0004238785630304774,0.0004595232420353134,0.0004768626822643681,0.0004238785630304774,0.0003099564201273301,0.0005722462841187541,0.0004238785630304774,2.8610319532446342e-05,0.00043447635584969963,0.000314723629736233,0.0004053343591206788,0.0005035637050813546,0.00041841009333129384,9.363097997661365e-05,8.667505392271793e-05,8.135711808680601e-05,8.333333333333332,0.9670363631969944,0.3296363680300565,1.8227125618287918
19.998775482177734,29.99793815612793,39.996646881103516,14.999006271362305,19.998750686645508,11.99916934967041,5.999697208404541,6.999611854553223,4.999746322631836,29.997949600219727,59.9940071105957,6.999619483947754,28.998085021972656,45.99602127075195,8.999429702758789,10.999287605285645,15.999000549316406,8.999429702758789,3.99981689453125,39.99662399291992,8.999429702758789,4.999982833862305,35.99763488769531,39.99834060668945,11.999225616455078,24.99859619140625,30.99795913696289,3.564903497695923,4.401140213012695,4.6888227462768555,14,2025-11-14T22:10:57.495758,3.9974212646484375,0.977423906326294,0.2875765860080719,0.3357947766780853,0.3540525734424591,2.556734800338745,0.5154174566268921,0.5154171586036682,1.52590012550354,0.9802979826927185,0.227152019739151,0.1135760098695755,0.5435928106307983,0.7343199849128723,0.4301886558532715,0.49666666984558105,7.4607133865356445,1.5173157453536987,1.0964468717575073,0.2445676326751709,0.17630119621753693,6.898540496826172,1.9655945301055908,1.9655945301055908,2.9673514366149902,0.925434947013855,0.2271518111228943,0.11357590556144714,0.2092083841562271,2.962947368621826,0.0004101033832480016,0.0004450766228018222,0.0005531744152254963,0.0004577919043316652,0.0004577901724466968,0.0004848156532191521,0.00034174937531393257,0.0003951139931119369,0.0003433389946118667,0.0004641510696011696,0.0006485591083100705,0.0003814890088247945,0.0004735776555538162,0.0005390770304585157,0.000413283350774244,0.0004421847742776782,0.00041725683672346565,0.000413283350774244,0.00030995738086013176,0.0005817870514421834,0.000413283350774244,0.0,0.0004450752738855474,0.0003051875105444669,0.0004291792963271631,0.00041200874252032463,0.0004430243054209562,8.694313424113558e-05,8.667512904843277e-05,8.135718427666649e-05,7.6923076923076925,0.97013793030037,0.29862069699630006,1.6478636549834886
19.998680114746094,29.99778938293457,39.99639892578125,14.998929977416992,19.99867057800293,11.999113082885742,5.999678611755371,6.99958610534668,4.999729156494141,29.99778938293457,59.99360656738281,6.999591827392578,28.997936248779297,45.99574661254883,8.999391555786133,10.999236106872559,15.998916625976562,8.999391555786133,3.999805450439453,39.99638748168945,8.999391555786133,4.9999823570251465,35.99748611450195,39.998233795166016,11.99917221069336,24.99848747253418,30.997814178466797,3.5649008750915527,4.40113639831543,4.68881893157959,15,2025-11-14T22:11:10.990097,4.176055908203125,0.9656006097793579,0.3128150403499603,0.3236701488494873,0.3291153907775879,2.7308197021484375,0.5679911971092224,0.5679911971092224,1.5948374271392822,1.0418493747711182,0.22715109586715698,0.11357554793357849,0.5815106630325317,0.8037663698196411,0.38461539149284363,0.46666666865348816,7.411642551422119,1.5115336179733276,1.0868703126907349,0.2474399358034134,0.1772232949733734,6.84696102142334,1.9483996629714966,1.9483996629714966,2.9501614570617676,0.9261476993560791,0.22715088725090027,0.11357544362545013,0.2090015560388565,2.927654504776001,0.0004768663547706378,0.0004959447298846566,0.0006199402740002485,0.0005086600000839289,0.00040056823465287186,0.0004689223314405032,0.0003099597950355091,0.00036786620569852,0.0003433401734325663,0.0005340941207364268,0.0006676387062331831,0.0003951151236035916,0.0005130448898492621,0.0005971346989085125,0.00042388211160264953,0.00046819771365183896,0.000524553640616856,0.00042388211160264953,0.0002861153922451284,0.000591327984358421,0.00042388211160264953,9.536775905984175e-06,0.0004132860223276184,0.0002670398866987909,0.00044507673599796535,0.00043489990893043313,0.0004676388385869481,7.356733139655073e-05,8.667520417427783e-05,8.135725046663468e-05,7.142857142857142,0.9726976383552314,0.2730236164476858,1.504245843869714
19.99858283996582,29.997638702392578,39.99613952636719,14.998857498168945,19.99858283996582,11.999056816101074,5.999658584594727,6.9995574951171875,4.999711990356445,29.99761962890625,59.99320602416992,6.999565124511719,28.99779510498047,45.99544143676758,8.999354362487793,10.999187469482422,15.998842239379883,8.999354362487793,3.9997920989990234,39.99613952636719,8.999354362487793,4.999982833862305,35.99736404418945,39.99806213378906,11.999115943908691,24.998374938964844,30.99768829345703,3.5648975372314453,4.401132583618164,4.688815116882324,16,2025-11-14T22:11:25.490482,4.060279846191406,0.9535362720489502,0.3019616901874542,0.31224969029426575,0.3393248915672302,2.6849124431610107,0.5487532615661621,0.5487530827522278,1.5874061584472656,0.9509863257408142,0.22715014219284058,0.11357507109642029,0.5599096417427063,0.7763189077377319,0.4302788972854614,0.5233333110809326,7.363245010375977,1.5058094263076782,1.0774585008621216,0.250173419713974,0.17817743122577667,6.796241760253906,1.9314916133880615,1.9314918518066406,2.933258533477783,0.9268830418586731,0.22714991867542267,0.11357495933771133,0.20869313180446625,2.8929100036621094,0.0004864060013726187,0.0005023054868099983,0.0006485569226965929,0.0004832294580746943,0.00043871934770444397,0.0004689245303323435,0.0003338038908499426,0.0004087417321766124,0.0003433413522613606,0.0005658884598239222,0.0006676431636773632,0.0003814919715014598,0.0004867373926793381,0.0006634869606981011,0.00041328681066144326,0.00044218879987792116,0.0004649477112650869,0.00041328681066144326,0.00033380224601225534,0.0006199442946669626,0.00041328681066144326,9.536776815485208e-06,0.0003391078813440329,0.00042917239254167046,0.00046892221963299444,0.0004501615126098251,0.00040610931158195456,9.363121793214385e-05,8.667527930025314e-05,8.135731665671056e-05,6.666666666666667,0.9748477360085527,0.2515226399144733,1.384055952832823
