epoch,casimir_loss,crps_h0,crps_h1,crps_h2,crps_loss,dir_loss,dir_loss_h0,dir_loss_h1,dir_loss_h2,extended_h0,extended_h1,extended_h2,global_h0,global_h1,global_h2,grad_global_norm,hd_loss,ife_loss,inter_reg,local_h0,local_h1,local_h2,loss,nll_h0,nll_h1,nll_h2,nll_loss,nonfinite_grad_steps,pit_ks_h0,pit_ks_h1,pit_ks_h2,point_h0,point_h1,point_h2,point_loss,reg_loss,soft_ece_h0,soft_ece_h1,soft_ece_h2,soft_ece_loss,t_perp_loss,train_dir_acc_h0,train_dir_acc_h1,train_dir_acc_h2,train_dir_bal_acc_h0,train_dir_bal_acc_h1,train_dir_bal_acc_h2,train_dir_brier_h0,train_dir_brier_h1,train_dir_brier_h2,train_dir_ece_h0,train_dir_ece_h1,train_dir_ece_h2,train_dir_f1_h0,train_dir_f1_h1,train_dir_f1_h2,train_dir_mcc_h0,train_dir_mcc_h1,train_dir_mcc_h2,train_dir_sensitivity_h0,train_dir_sensitivity_h1,train_dir_sensitivity_h2,train_dir_specificity_h0,train_dir_specificity_h1,train_dir_specificity_h2,train_gauss_dir_acc_h0,train_gauss_dir_acc_h1,train_gauss_dir_acc_h2,train_gauss_dir_bal_acc_h0,train_gauss_dir_bal_acc_h1,train_gauss_dir_bal_acc_h2,train_gauss_dir_brier_h0,train_gauss_dir_brier_h1,train_gauss_dir_brier_h2,train_gauss_dir_ece_h0,train_gauss_dir_ece_h1,train_gauss_dir_ece_h2,train_gauss_dir_f1_h0,train_gauss_dir_f1_h1,train_gauss_dir_f1_h2,train_gauss_dir_mcc_h0,train_gauss_dir_mcc_h1,train_gauss_dir_mcc_h2,train_gauss_dir_sensitivity_h0,train_gauss_dir_sensitivity_h1,train_gauss_dir_sensitivity_h2,train_gauss_dir_specificity_h0,train_gauss_dir_specificity_h1,train_gauss_dir_specificity_h2,train_gauss_mean_dir_prob_h0,train_gauss_mean_dir_prob_h1,train_gauss_mean_dir_prob_h2,train_gauss_pred_up_rate_h0,train_gauss_pred_up_rate_h1,train_gauss_pred_up_rate_h2,train_gauss_true_up_rate_h0,train_gauss_true_up_rate_h1,train_gauss_true_up_rate_h2,train_mean_dir_prob_h0,train_mean_dir_prob_h1,train_mean_dir_prob_h2,train_pred_up_rate_h0,train_pred_up_rate_h1,train_pred_up_rate_h2,train_true_up_rate_h0,train_true_up_rate_h1,train_true_up_rate_h2,trend_h0,trend_h1,trend_h2,trend_loss,vac_loss,vac_overflow_loss,val_casimir_loss,val_crps_h0,val_crps_h1,val_crps_h2,val_crps_loss,val_dir_acc_h0,val_dir_acc_h1,val_dir_acc_h2,val_dir_bal_acc_h0,val_dir_bal_acc_h1,val_dir_bal_acc_h2,val_dir_brier_h0,val_dir_brier_h1,val_dir_brier_h2,val_dir_ece_h0,val_dir_ece_h1,val_dir_ece_h2,val_dir_f1_h0,val_dir_f1_h1,val_dir_f1_h2,val_dir_loss,val_dir_loss_h0,val_dir_loss_h1,val_dir_loss_h2,val_dir_mcc_h0,val_dir_mcc_h1,val_dir_mcc_h2,val_dir_sensitivity_h0,val_dir_sensitivity_h1,val_dir_sensitivity_h2,val_dir_specificity_h0,val_dir_specificity_h1,val_dir_specificity_h2,val_extended_h0,val_extended_h1,val_extended_h2,val_gauss_dir_acc_h0,val_gauss_dir_acc_h1,val_gauss_dir_acc_h2,val_gauss_dir_bal_acc_h0,val_gauss_dir_bal_acc_h1,val_gauss_dir_bal_acc_h2,val_gauss_dir_brier_h0,val_gauss_dir_brier_h1,val_gauss_dir_brier_h2,val_gauss_dir_ece_h0,val_gauss_dir_ece_h1,val_gauss_dir_ece_h2,val_gauss_dir_f1_h0,val_gauss_dir_f1_h1,val_gauss_dir_f1_h2,val_gauss_dir_mcc_h0,val_gauss_dir_mcc_h1,val_gauss_dir_mcc_h2,val_gauss_dir_sensitivity_h0,val_gauss_dir_sensitivity_h1,val_gauss_dir_sensitivity_h2,val_gauss_dir_specificity_h0,val_gauss_dir_specificity_h1,val_gauss_dir_specificity_h2,val_gauss_mean_dir_prob_h0,val_gauss_mean_dir_prob_h1,val_gauss_mean_dir_prob_h2,val_gauss_pred_up_rate_h0,val_gauss_pred_up_rate_h1,val_gauss_pred_up_rate_h2,val_gauss_true_up_rate_h0,val_gauss_true_up_rate_h1,val_gauss_true_up_rate_h2,val_global_h0,val_global_h1,val_global_h2,val_hd_loss,val_ife_loss,val_inter_reg,val_local_h0,val_local_h1,val_local_h2,val_loss,val_mean_dir_prob_h0,val_mean_dir_prob_h1,val_mean_dir_prob_h2,val_nll_h0,val_nll_h1,val_nll_h2,val_nll_loss,val_pit_ks_h0,val_pit_ks_h1,val_pit_ks_h2,val_point_h0,val_point_h1,val_point_h2,val_point_loss,val_pred_up_rate_h0,val_pred_up_rate_h1,val_pred_up_rate_h2,val_reg_loss,val_soft_ece_h0,val_soft_ece_h1,val_soft_ece_h2,val_soft_ece_loss,val_t_perp_loss,val_trend_h0,val_trend_h1,val_trend_h2,val_trend_loss,val_true_up_rate_h0,val_true_up_rate_h1,val_true_up_rate_h2,val_vac_loss,val_vac_overflow_loss,val_vol_loss,vol_loss
0,0.0002996294351760298,0.45829057693481445,0.5434529185295105,0.615984320640564,1.617727518081665,2.093986749649048,0.6989657282829285,0.6966760754585266,0.6983445286750793,0.02524125576019287,0.033548709005117416,0.042324185371398926,0.0,0.0,0.0,12.680654525756836,0.050336312502622604,0.0,0.0,0.0,0.0,0.0,6.508281230926514,1.2865062952041626,1.4598976373672485,1.5963166952133179,4.3427205085754395,0.0,0.0927819013595581,0.05915665626525879,0.04114067554473877,0.37473347783088684,0.35034915804862976,0.41765546798706055,1.1427383422851562,0.0,0.0641896203160286,0.0553201287984848,0.0628102570772171,0.18231996893882751,0.047117192298173904,0.4930788278579712,0.49849653244018555,0.5024147033691406,0.49766743183135986,0.49933257699012756,0.5018788576126099,0.2529767155647278,0.2516472339630127,0.2524881958961487,0.043032802641391754,0.026804223656654358,0.03734179958701134,0.5472972989082336,0.5042179226875305,0.48525384068489075,-0.00484679127112031,-0.0013361632591113448,0.0037591869477182627,0.6341636776924133,0.5263334512710571,0.48222294449806213,0.3611711859703064,0.472331702709198,0.5215347409248352,0.5113919973373413,0.49768388271331787,0.5129303336143494,0.5029773712158203,0.4958140254020691,0.5113461017608643,0.25699812173843384,0.2576139569282532,0.2566988170146942,0.04482220858335495,0.06371638923883438,0.05366958677768707,0.33321601152420044,0.45651981234550476,0.4751112163066864,0.0068757361732423306,-0.008429384790360928,0.022840192541480064,0.2526690363883972,0.4354243576526642,0.45323511958122253,0.7532856464385986,0.5562036633491516,0.5694570541381836,0.48505261540412903,0.488322913646698,0.49088922142982483,0.24959160387516022,0.4397399425506592,0.4415796995162964,0.48319146037101746,0.48451849818229675,0.4863685965538025,0.507736086845398,0.4961235225200653,0.4933800995349884,0.6365746855735779,0.5270215272903442,0.4802928864955902,0.48319146037101746,0.48451849818229675,0.4863685965538025,0.02524125576019287,0.033548709005117416,0.042324185371398926,0.10111414641141891,0.0,0.06750800460577011,0.00014083880523685366,0.40189653635025024,0.4750634431838989,0.5522381067276001,1.429198145866394,0.4737089276313782,0.5132508873939514,0.5113587379455566,0.47131139039993286,0.4976002275943756,0.5159317851066589,0.250948965549469,0.2500578463077545,0.24968336522579193,0.03509414196014404,0.00913255475461483,0.030803076922893524,0.548893392086029,0.6772114634513855,0.4869486689567566,2.080777883529663,0.6949887275695801,0.6932860612869263,0.6925028562545776,-0.060518525540828705,-0.027007436379790306,0.032192032784223557,0.6308973431587219,0.9897260069847107,0.43805667757987976,0.3117254674434662,0.005474452394992113,0.5938069224357605,0.020360082387924194,0.0266904067248106,0.03335240110754967,0.4924882650375366,0.5159010887145996,0.46035146713256836,0.5,0.5,0.4877576529979706,0.2516375184059143,0.2536325454711914,0.2546403110027313,0.04422652721405029,0.03133877366781235,0.07651609182357788,0.0,0.6806526780128479,0.0396643802523613,0.0,0.0,-0.0688425600528717,0.0,1.0,0.021052632480859756,1.0,0.0,0.9544626474380493,0.4632852077484131,0.5472398996353149,0.46453991532325745,0.0,1.0,0.03257608413696289,0.5075117349624634,0.5159010887145996,0.5293613076210022,0.0,0.0,0.0,0.021217800676822662,0.0,0.0,0.0,0.0,0.0,6.810085296630859,0.5044130682945251,0.5223520994186401,0.49855828285217285,1.1453512907028198,1.2971813678741455,1.4662628173828125,3.9087955951690674,0.12543264031410217,0.10252970457077026,0.14183181524276733,0.2990467846393585,0.2798318862915039,0.3342434763908386,0.9131221175193787,0.6591549515724182,0.9920494556427002,0.42306044697761536,0.0,0.087189219892025,0.11830250173807144,0.14981630444526672,0.35530799627304077,0.20503273606300354,0.020360082387924194,0.0266904067248106,0.03335240110754967,0.08040288835763931,0.5075117349624634,0.5159010887145996,0.5293613076210022,0.0,0.0,0.8171606659889221,0.8955507874488831
1,0.0003077414585277438,0.44176504015922546,0.5386330485343933,0.6098418831825256,1.5902396440505981,2.082869529724121,0.6939719915390015,0.693732500076294,0.6951646208763123,0.02437569759786129,0.0335087776184082,0.04142294451594353,0.0,0.0,0.0,11.238053321838379,0.024594513699412346,0.0,0.0,0.0,0.0,0.0,6.27860689163208,1.250714898109436,1.4274839162826538,1.575806975364685,4.254006385803223,0.0,0.08867865800857544,0.06630933284759521,0.06822565197944641,0.3590070307254791,0.3462632894515991,0.4118568003177643,1.1171270608901978,0.0,0.047257259488105774,0.04432268068194389,0.055805057287216187,0.14738498628139496,0.047081202268600464,0.5024503469467163,0.5130434632301331,0.5070104598999023,0.49432075023651123,0.5057706236839294,0.5053792595863342,0.2504327595233917,0.2503010928630829,0.2509904205799103,0.012776544317603111,0.011907077394425869,0.028100796043872833,0.3290434777736664,0.35024940967559814,0.46783822774887085,-0.012966888025403023,0.013070224784314632,0.01083274558186531,0.2524911165237427,0.270882248878479,0.4455477297306061,0.7361503839492798,0.7406589984893799,0.5652108192443848,0.5113919973373413,0.5067858695983887,0.505452573299408,0.5116465091705322,0.5058415532112122,0.4958210289478302,0.25030630826950073,0.2546316385269165,0.25360098481178284,0.0172163974493742,0.05264223366975784,0.05197962000966072,0.5066412091255188,0.48291727900505066,0.21896913647651672,0.02328217774629593,0.011699558235704899,-0.01180271152406931,0.5192170739173889,0.47534385323524475,0.14253683388233185,0.5040758848190308,0.536339282989502,0.8491052389144897,0.4994482100009918,0.48872503638267517,0.4491688907146454,0.5071790814399719,0.4693213999271393,0.1468297243118286,0.48319146037101746,0.48451849818229675,0.4863685965538025,0.49259307980537415,0.480202853679657,0.4847847819328308,0.258361279964447,0.2649329602718353,0.440021812915802,0.48319146037101746,0.48451849818229675,0.4863685965538025,0.02437569759786129,0.0335087776184082,0.04142294451594353,0.09930740296840668,0.0,0.07258976250886917,1.1881444152095355e-05,0.3949693441390991,0.4742591381072998,0.5433569550514221,1.4125856161117554,0.4924882650375366,0.47438162565231323,0.4393484890460968,0.5,0.4895416796207428,0.44791561365127563,0.2501060664653778,0.2508263885974884,0.2512851655483246,0.014174997806549072,0.035000622272491455,0.06804092228412628,0.0,0.024590162560343742,0.3631938099861145,2.0838913917541504,0.6933320164680481,0.6947983503341675,0.6957610249519348,0.0,-0.06977900117635727,-0.10893498361110687,0.0,0.012842466123402119,0.30202430486679077,1.0,0.9662408828735352,0.5938069224357605,0.020039645954966545,0.02619168534874916,0.0351610891520977,0.5075117349624634,0.4686395823955536,0.4706386625766754,0.5,0.4676375985145569,0.5,0.2508561611175537,0.2531108260154724,0.25926321744918823,0.02315288782119751,0.04653649777173996,0.1190609335899353,0.6733105182647705,0.49219080805778503,0.0,0.0,-0.0648125559091568,0.0,1.0,0.4991438388824463,0.0,0.0,0.43613138794898987,1.0,0.5306646227836609,0.5074772238731384,0.4220532178878784,1.0,0.5304770469665527,0.0,0.5075117349624634,0.5159010887145996,0.5293613076210022,0.0,0.0,0.0,0.016640368849039078,0.0,0.0,0.0,0.0,0.0,6.585000991821289,0.4933367371559143,0.49073997139930725,0.5004333257675171,1.1152406930923462,1.2981059551239014,1.4192830324172974,3.832629680633545,0.09380322694778442,0.08067339658737183,0.1405198872089386,0.29636630415916443,0.27807551622390747,0.3409135043621063,0.9153552651405334,0.0,0.022968197241425514,0.35105013847351074,0.0,0.08896660059690475,0.1225452646613121,0.1493736058473587,0.36088547110557556,0.1555148810148239,0.020039645954966545,0.02619168534874916,0.0351610891520977,0.08139242231845856,0.5075117349624634,0.5159010887145996,0.5293613076210022,0.0,0.0,0.8231151103973389,0.9819976687431335
2,0.00013961615331936628,0.43833306431770325,0.5303020477294922,0.6072894334793091,1.5759243965148926,2.0798544883728027,0.692930281162262,0.6931803822517395,0.6937437653541565,0.02427617460489273,0.03288697823882103,0.041842248290777206,0.0,0.0,0.0,8.757088661193848,0.018647411838173866,6.940979801584035e-05,0.0,0.0,0.0,0.0,6.089089393615723,1.2366636991500854,1.4274767637252808,1.5537549257278442,4.217895030975342,0.0,0.07205706834793091,0.05863380432128906,0.060101330280303955,0.35852810740470886,0.3404752314090729,0.4116048216819763,1.1106079816818237,0.0,0.03656161203980446,0.03660432994365692,0.04120742157101631,0.1143733561038971,0.036382075399160385,0.5169804692268372,0.50702965259552,0.5031936168670654,0.5002011060714722,0.49934300780296326,0.503767728805542,0.2498590499162674,0.24999549984931946,0.25030097365379333,0.004328396171331406,0.007100360468029976,0.016419027000665665,0.0021314385812729597,0.33046355843544006,0.506804883480072,0.006856909021735191,-0.0015129849780350924,0.0075392089784145355,0.0010676156962290406,0.25109022855758667,0.5248238444328308,0.9993345737457275,0.7475957870483398,0.4827115535736084,0.5032241344451904,0.5017472505569458,0.5003894567489624,0.4942765533924103,0.4999971389770508,0.5031630992889404,0.25017249584198,0.251834511756897,0.2532126009464264,0.015096853487193584,0.03531700745224953,0.04788748919963837,0.30736035108566284,0.4630878269672394,0.5408075451850891,-0.013510514050722122,-5.692611921404023e-06,0.006458777002990246,0.22811387479305267,0.4434753358364105,0.6049007177352905,0.7604392170906067,0.5565189719200134,0.4014255404472351,0.48804333806037903,0.49140819907188416,0.5074824690818787,0.23402975499629974,0.4434782564640045,0.6016513705253601,0.48319146037101746,0.48451849818229675,0.4863685965538025,0.4788631498813629,0.48959824442863464,0.49974921345710754,0.000859771273098886,0.2517675757408142,0.5209534168243408,0.48319146037101746,0.48451849818229675,0.4863685965538025,0.02427617460489273,0.03288697823882103,0.041842248290777206,0.09900540858507156,0.0,0.0785064622759819,8.224881457863376e-05,0.39277252554893494,0.4727194011211395,0.526094913482666,1.3915867805480957,0.4924882650375366,0.4840989410877228,0.464637815952301,0.5,0.5,0.49034127593040466,0.25140291452407837,0.25066882371902466,0.2523205280303955,0.03942552208900452,0.025698751211166382,0.054726775735616684,0.0,0.0,0.0942712128162384,2.088240623474121,0.6959327459335327,0.6944834589958191,0.6978244185447693,0.0,0.0,-0.04006633535027504,0.0,0.0,0.05263157933950424,1.0,1.0,0.9280509948730469,0.020043745636940002,0.027263186872005463,0.03282897174358368,0.49436619877815247,0.47438162565231323,0.5345049500465393,0.4999735355377197,0.48740437626838684,0.5090510845184326,0.24992425739765167,0.25729817152023315,0.24918794631958008,0.012052483856678009,0.07839769870042801,0.019941015169024467,0.20281273126602173,0.13265307247638702,0.6818981170654297,-7.950827421154827e-05,-0.043967053294181824,0.036389391869306564,0.12673451006412506,0.07791095972061157,0.9425101280212402,0.8732125759124756,0.8968977928161621,0.07559198886156082,0.49556076526641846,0.45292603969573975,0.5138325691223145,0.1267605572938919,0.09010601043701172,0.9339905977249146,0.5075117349624634,0.5159010887145996,0.5293613076210022,0.0,0.0,0.0,0.012007965706288815,0.0003316651564091444,0.0,0.0,0.0,0.0,6.669895172119141,0.46808624267578125,0.4902023375034332,0.4822465777397156,1.1083810329437256,1.284626841545105,1.3855575323104858,3.7785654067993164,0.08274249732494354,0.1002930998802185,0.062180742621421814,0.2952507436275482,0.2833556830883026,0.32404619455337524,0.9026526212692261,0.0,0.0,0.06172310188412666,0.0,0.10184576362371445,0.12250874191522598,0.1563601940870285,0.3807147443294525,0.12910591065883636,0.020043745636940002,0.027263186872005463,0.03282897174358368,0.08013589680194855,0.5075117349624634,0.5159010887145996,0.5293613076210022,0.0,0.0,0.8139430284500122,0.9892904162406921
3,0.00011563129373826087,0.4384188652038574,0.5301204919815063,0.6071431040763855,1.5756827592849731,2.07944655418396,0.6931706070899963,0.6931192278862,0.693156898021698,0.024292178452014923,0.03319276124238968,0.0412868931889534,0.0,0.0,0.0,8.307406425476074,0.013882122933864594,0.0,0.0,0.0,0.0,0.0,6.139932155609131,1.2434993982315063,1.4137262105941772,1.5598548650741577,4.217081546783447,0.0,0.07605522871017456,0.06063652038574219,0.05729144811630249,0.3587804138660431,0.34157904982566833,0.40807756781578064,1.108436942100525,0.0,0.034709446132183075,0.04101357236504555,0.04140106588602066,0.11712407320737839,0.037590183317661285,0.51637864112854,0.5106866955757141,0.5073220133781433,0.5000528693199158,0.502089262008667,0.5014619827270508,0.24999059736728668,0.2499823421239853,0.24999018013477325,0.0007207185262814164,0.00384361669421196,0.011426747776567936,0.02799377776682377,0.3076923191547394,0.3613046705722809,0.00044403987703844905,0.005022663157433271,0.003237361554056406,0.014412811025977135,0.22442133724689484,0.2865150570869446,0.9856929183006287,0.7797572016716003,0.7164088487625122,0.4883500933647156,0.5031288266181946,0.5112167000770569,0.49058669805526733,0.5021734237670898,0.5006586313247681,0.2506238520145416,0.2522384822368622,0.2507588565349579,0.024817442521452904,0.03880617022514343,0.017944660037755966,0.5127323269844055,0.4789500832557678,0.18411129713058472,-0.018986472859978676,0.004353133495897055,0.002081932034343481,0.5571174621582031,0.4713183641433716,0.11338885128498077,0.42405590415000916,0.5330285429954529,0.8879284262657166,0.4989575743675232,0.4909347593784332,0.4729071855545044,0.5668472051620483,0.46907761693000793,0.11271226406097412,0.48319146037101746,0.48451849818229675,0.4863685965538025,0.48391228914260864,0.48836204409599304,0.48949116468429565,0.014358180575072765,0.22226737439632416,0.28501322865486145,0.48319146037101746,0.48451849818229675,0.4863685965538025,0.024292178452014923,0.03319276124238968,0.0412868931889534,0.0987718403339386,0.0,0.08354082703590393,0.00016393577971030027,0.3949042856693268,0.4696132242679596,0.5312759876251221,1.3957935571670532,0.4924882650375366,0.4938162565231323,0.4612087309360504,0.5,0.4802550971508026,0.4761911630630493,0.2503713071346283,0.25002384185791016,0.250908225774765,0.022659510374069214,0.014159070327877998,0.04742623493075371,0.0,0.6488970518112183,0.3028286099433899,2.082089900970459,0.6938788890838623,0.6931949853897095,0.6950158476829529,0.0,-0.07529417425394058,-0.055380433797836304,0.0,0.9066780805587769,0.2210526317358017,1.0,0.05383211746811867,0.7313296794891357,0.020271895453333855,0.026736518368124962,0.03348942846059799,0.4924882650375366,0.4840989410877228,0.4706386625766754,0.5,0.48146748542785645,0.5,0.2530932128429413,0.2522713541984558,0.2537976801395416,0.05546662211418152,0.035484932363033295,0.06922858953475952,0.0,0.5301689505577087,0.0,0.0,-0.03755674138665199,0.0,0.0,0.5642123222351074,0.0,1.0,0.3987226188182831,1.0,0.45204511284828186,0.5099479556083679,0.4601326584815979,0.0,0.5821554660797119,0.0,0.5075117349624634,0.5159010887145996,0.5293613076210022,0.0,0.0,0.0,0.00958982389420271,0.00037397773121483624,0.0,0.0,0.0,0.0,6.5781073570251465,0.4848521649837494,0.5017420053482056,0.49625536799430847,1.1104927062988281,1.2809922695159912,1.3936569690704346,3.785141706466675,0.11145497858524323,0.07066994905471802,0.09901954233646393,0.3003384470939636,0.2768494188785553,0.330387145280838,0.9075750708580017,0.0,0.9257950782775879,0.24346335232257843,0.0,0.09114154428243637,0.12050506472587585,0.1504378467798233,0.36208444833755493,0.13018330931663513,0.020271895453333855,0.026736518368124962,0.03348942846059799,0.0804978460073471,0.5075117349624634,0.5159010887145996,0.5293613076210022,0.0,0.0,0.8182283043861389,0.9967108964920044
4,0.0001845742081059143,0.4363502860069275,0.5279242992401123,0.6056103110313416,1.5698847770690918,2.0795600414276123,0.6927806735038757,0.6928897500038147,0.6938895583152771,0.024249380454421043,0.03333955630660057,0.04133335128426552,0.0,0.0,0.0,8.260396003723145,0.01137547753751278,0.0,0.0,0.0,0.0,0.0,6.134889602661133,1.2351133823394775,1.4078524112701416,1.5525486469268799,4.195514678955078,0.0,0.06455659866333008,0.054563865065574646,0.06300902366638184,0.35872745513916016,0.34096407890319824,0.40904003381729126,1.1087316274642944,0.0,0.0312203336507082,0.037014588713645935,0.048133108764886856,0.11636801809072495,0.03563554212450981,0.5168085098266602,0.5136123299598694,0.510749340057373,0.5,0.5084532499313354,0.5063837170600891,0.24981354176998138,0.24985511600971222,0.2503497004508972,0.0002893507480621338,0.003927274141460657,0.01663036458194256,0.0,0.40512871742248535,0.407732218503952,0.0,0.017926355823874474,0.01347394473850727,0.0,0.34183159470558167,0.3462524116039276,1.0,0.6750748753547668,0.6665149927139282,0.5060613751411438,0.5079236030578613,0.5120735168457031,0.5009046792984009,0.5068695545196533,0.5001028776168823,0.25032156705856323,0.2518072724342346,0.2512221336364746,0.015059109777212143,0.034909505397081375,0.02930501103401184,0.40472492575645447,0.4821687936782837,0.10845431685447693,0.0018999839667230844,0.013764902949333191,0.00042990499059669673,0.34750890731811523,0.4728279113769531,0.061018578708171844,0.6543004512786865,0.5409112572669983,0.9391871690750122,0.4897172451019287,0.4878632426261902,0.4603309631347656,0.3465737998485565,0.46574562788009644,0.06091291457414627,0.48319146037101746,0.48451849818229675,0.4863685965538025,0.4829021394252777,0.48844584822654724,0.4926171600818634,0.0,0.3331166207790375,0.33969464898109436,0.48319146037101746,0.48451849818229675,0.4863685965538025,0.024249380454421043,0.03333955630660057,0.04133335128426552,0.09892231225967407,0.0,0.08672095090150833,0.00014459727390203625,0.3950275480747223,0.48291897773742676,0.5426371097564697,1.4205836057662964,0.4924882650375366,0.5154593586921692,0.45735105872154236,0.5,0.49957191944122314,0.4718402326107025,0.25030234456062317,0.2498699426651001,0.2507816255092621,0.02016228437423706,0.007153174374252558,0.049616482108831406,0.0,0.6802681684494019,0.30515915155410767,2.081383228302002,0.6937466859817505,0.6928825974464417,0.6947538256645203,0.0,-0.020362989977002144,-0.06478174775838852,0.0,0.9991438388824463,0.22510121762752533,1.0,0.0,0.7185792326927185,0.02023325487971306,0.02736235037446022,0.033823639154434204,0.4924882650375366,0.5159010887145996,0.4706386625766754,0.5,0.5,0.5,0.25208666920661926,0.25298067927360535,0.2548964023590088,0.04529458284378052,0.049512505531311035,0.07647448778152466,0.0,0.6806526780128479,0.0,0.0,0.0,0.0,0.0,1.0,0.0,1.0,0.0,1.0,0.46221715211868286,0.5654135942459106,0.4528868794441223,0.0,1.0,0.0,0.5075117349624634,0.5159010887145996,0.5293613076210022,0.0,0.0,0.0,0.009660118259489536,0.0,0.0,0.0,0.0,0.0,6.788981914520264,0.48734939098358154,0.508747935295105,0.496639221906662,1.1132100820541382,1.3244836330413818,1.4303873777389526,3.8680808544158936,0.10843335092067719,0.14217376708984375,0.130310520529747,0.2989474833011627,0.28100860118865967,0.33378010988235474,0.9137362241744995,0.0,0.9995583295822144,0.25160735845565796,0.0,0.09021355211734772,0.11961539089679718,0.15011486411094666,0.35994377732276917,0.17978182435035706,0.02023325487971306,0.02736235037446022,0.033823639154434204,0.08141924440860748,0.5075117349624634,0.5159010887145996,0.5293613076210022,0.0,0.0,0.8404282927513123,1.0059318542480469
5,8.394729229621589e-05,0.4355953633785248,0.5336733460426331,0.612703800201416,1.5819724798202515,2.0793263912200928,0.6927459836006165,0.6930028200149536,0.6935775876045227,0.024302951991558075,0.033529702574014664,0.041505396366119385,0.0,0.0,0.0,8.790969848632812,0.011030035093426704,0.0,0.0,0.0,0.0,0.0,6.107693195343018,1.2340123653411865,1.4244664907455444,1.5679349899291992,4.226414680480957,0.0,0.06064385175704956,0.0701991617679596,0.08761322498321533,0.3582949638366699,0.3421471118927002,0.4105401933193207,1.1109822988510132,0.0,0.04054788127541542,0.03842385113239288,0.043872155249118805,0.12284388393163681,0.042393140494823456,0.5168085098266602,0.5106866955757141,0.5090356469154358,0.5,0.5010918974876404,0.503278911113739,0.24976709485054016,0.24991020560264587,0.2502121031284332,0.0026355087757110596,0.007676527835428715,0.012882054783403873,0.0,0.2746657133102417,0.3665963113307953,0.0,0.002781419549137354,0.0072325896471738815,0.0,0.19121100008487701,0.29212042689323425,1.0,0.8109727501869202,0.7144373655319214,0.5088986158370972,0.5120682716369629,0.5136314034461975,0.5016415119171143,0.5064517855644226,0.5,0.2500598430633545,0.2522982656955719,0.25137120485305786,0.012394801713526249,0.03725845366716385,0.03205332159996033,0.35992828011512756,0.39230769872665405,0.0,0.003637887304648757,0.013842604123055935,0.0,0.2857651114463806,0.3250586986541748,0.0,0.7175179123878479,0.6878448724746704,1.0,0.48723986744880676,0.4777982234954834,0.45431527495384216,0.28406843543052673,0.3184071481227875,0.0,0.48319146037101746,0.48451849818229675,0.4863685965538025,0.4805559515953064,0.4869877099990845,0.48938655853271484,0.0,0.19008533656597137,0.28875213861465454,0.48319146037101746,0.48451849818229675,0.4863685965538025,0.024302951991558075,0.033529702574014664,0.041505396366119385,0.09933803975582123,0.0,0.08844868093729019,0.0,0.39268502593040466,0.4801080822944641,0.542592465877533,1.4153854846954346,0.4924882650375366,0.48763251304626465,0.5302186012268066,0.5,0.5030028223991394,0.5010117888450623,0.25028592348098755,0.25027528405189514,0.24992766976356506,0.01997092366218567,0.02183365263044834,0.022528668865561485,0.0,0.038142621517181396,0.6923076510429382,2.080482244491577,0.693718433380127,0.6937165260314941,0.693047285079956,0.0,0.023363197222352028,0.01994231715798378,0.0,0.01969178020954132,0.9983805418014526,1.0,0.9863138794898987,0.0036429872270673513,0.01992448791861534,0.027245357632637024,0.03394719958305359,0.49718308448791504,0.5159010887145996,0.4706386625766754,0.490120530128479,0.5,0.5,0.2500971257686615,0.25217193365097046,0.25555622577667236,0.011133525520563126,0.043500423431396484,0.08160734176635742,0.6596758365631104,0.6806526780128479,0.0,-0.05786401778459549,0.0,0.0,0.9602220058441162,1.0,0.0,0.020019065588712692,0.0,1.0,0.5082513689994812,0.5594013929367065,0.4477539658546448,0.9699530601501465,1.0,0.0,0.5075117349624634,0.5159010887145996,0.5293613076210022,0.0,0.0,0.0,0.008306844159960747,0.0,0.0,0.0,0.0,0.0,6.593508720397949,0.4875408113002777,0.49406740069389343,0.5076882839202881,1.1070822477340698,1.317314624786377,1.4277839660644531,3.8521809577941895,0.07519888877868652,0.13356947898864746,0.13042569160461426,0.29520663619041443,0.27909940481185913,0.33492064476013184,0.9092267155647278,0.0,0.01678445190191269,0.9974281787872314,0.0,0.09017931669950485,0.12167507410049438,0.14771033823490143,0.35956475138664246,0.1775350272655487,0.01992448791861534,0.027245357632637024,0.03394719958305359,0.08111705631017685,0.5075117349624634,0.5159010887145996,0.5293613076210022,0.0,0.0,0.8458384275436401,1.015504002571106
6,8.528446778655052e-05,0.4357352554798126,0.526680052280426,0.6073662042617798,1.5697814226150513,2.079216480255127,0.6928268671035767,0.6931168437004089,0.6932727098464966,0.024210162460803986,0.03330748528242111,0.041356924921274185,0.0,0.0,0.0,7.581417083740234,0.00939086452126503,0.0,0.0,0.0,0.0,0.0,6.1008524894714355,1.2302964925765991,1.4031875133514404,1.5509735345840454,4.184457778930664,0.0,0.07018452882766724,0.06309956312179565,0.07751953601837158,0.35837388038635254,0.3401581645011902,0.4093181788921356,1.1078500747680664,0.0,0.038247980177402496,0.04178604483604431,0.04313579201698303,0.12316979467868805,0.029843371361494064,0.5168085098266602,0.5093051791191101,0.5069325566291809,0.5,0.49749502539634705,0.5055286884307861,0.24982963502407074,0.2499684989452362,0.25005993247032166,0.004980921745300293,0.005234071519225836,0.012450038455426693,0.0,0.18647263944149017,0.4724999964237213,0.0,-0.007742531131953001,0.01111273467540741,0.0,0.11606843024492264,0.4540358781814575,1.0,0.878921627998352,0.5570215582847595,0.49505630135536194,0.504997968673706,0.5136314034461975,0.49364298582077026,0.5068023800849915,0.5,0.2503177523612976,0.2513633668422699,0.25124913454055786,0.01615108922123909,0.03241978585720062,0.036019355058670044,0.4636039733886719,0.525216281414032,0.0,-0.012751510366797447,0.013690878637135029,0.0,0.45160141587257385,0.565078854560852,0.0,0.5356845855712891,0.44852593541145325,1.0,0.4985119104385376,0.5020449757575989,0.45034921169281006,0.45817211270332336,0.5580658316612244,0.0,0.48319146037101746,0.48451849818229675,0.4863685965538025,0.4881724417209625,0.487469881772995,0.49650266766548157,0.0,0.11865095794200897,0.4483564496040344,0.48319146037101746,0.48451849818229675,0.4863685965538025,0.024210162460803986,0.03330748528242111,0.041356924921274185,0.09887458384037018,0.0,0.08987054228782654,1.1677406291710213e-05,0.39097869396209717,0.4685547649860382,0.5293343663215637,1.3888678550720215,0.4924882650375366,0.4840989410877228,0.467638224363327,0.5,0.5,0.48862892389297485,0.25000977516174316,0.25041303038597107,0.25023311376571655,0.014212638139724731,0.022795259952545166,0.0357254222035408,0.0,0.0,0.20689654350280762,2.0807762145996094,0.693166196346283,0.6939778327941895,0.693632185459137,0.0,0.0,-0.03253266215324402,0.0,0.0,0.13117408752441406,1.0,1.0,0.8460837602615356,0.01992473565042019,0.026680760085582733,0.03343144431710243,0.5056338310241699,0.5154593586921692,0.4706386625766754,0.49817806482315063,0.5016810894012451,0.5,0.2501833140850067,0.25140178203582764,0.2532469928264618,0.002087193075567484,0.0076824091374874115,0.06635138392448425,0.6712456941604614,0.6656507253646851,0.0,-0.029781188815832138,0.006734530907124281,0.0,0.9944495558738708,0.9349315166473389,0.0,0.001906577730551362,0.06843065470457077,1.0,0.5077118873596191,0.5227015614509583,0.46300992369651794,0.9962441325187683,0.9333038926124573,0.0,0.5075117349624634,0.5159010887145996,0.5293613076210022,0.0,0.0,0.0,0.007072008680552244,0.0006564729264937341,0.0,0.0,0.0,0.0,6.4798712730407715,0.49329909682273865,0.49310582876205444,0.4975678622722626,1.0991551876068115,1.277016043663025,1.3877543210983276,3.763925790786743,0.06808444857597351,0.08066296577453613,0.09355548024177551,0.29530394077301025,0.2759045660495758,0.3294423818588257,0.9006509780883789,0.0,0.0,0.1418774127960205,0.0,0.08899907767772675,0.12192854285240173,0.14969821274280548,0.36062586307525635,0.12707580626010895,0.01992473565042019,0.026680760085582733,0.03343144431710243,0.0800369456410408,0.5075117349624634,0.5159010887145996,0.5293613076210022,0.0,0.0,0.8305898904800415,1.0132944583892822
7,1.336671721219318e-05,0.4347192049026489,0.5242094397544861,0.6063319444656372,1.5652605295181274,2.0785984992980957,0.6927303671836853,0.6928372979164124,0.6930308938026428,0.024212459102272987,0.03310953825712204,0.04127545654773712,0.0,0.0,0.0,7.311543941497803,0.007101906463503838,0.0,0.0,0.0,0.0,0.0,6.020895957946777,1.2293287515640259,1.3979638814926147,1.552987813949585,4.1802802085876465,0.0,0.05956798791885376,0.05457526445388794,0.0677361786365509,0.358124703168869,0.33900216221809387,0.4085808992385864,1.1057076454162598,0.0,0.04015472158789635,0.0383087657392025,0.03663885220885277,0.11510234326124191,0.0343456044793129,0.5164645910263062,0.5132060050964355,0.5126966834068298,0.4996788501739502,0.5015608072280884,0.5018783211708069,0.24977082014083862,0.2498268485069275,0.24992413818836212,0.003270271234214306,0.002753811189904809,0.008953542448580265,0.0007107320707291365,0.19983969628810883,0.17336152493953705,-0.01224261149764061,0.004735959693789482,0.006173745263367891,0.0003558718890417367,0.12546125054359436,0.10506086051464081,0.9990018010139465,0.8776603937149048,0.8986957669258118,0.5033960938453674,0.5020723342895508,0.5136314034461975,0.496404767036438,0.5005694031715393,0.5,0.25001060962677,0.2506607174873352,0.25088995695114136,0.011714957654476166,0.028152743354439735,0.026753511279821396,0.35950320959091187,0.46800386905670166,0.0,-0.00790153257548809,0.00114363431930542,0.0,0.2884341776371002,0.4520295262336731,0.0,0.7043753266334534,0.5491092801094055,1.0,0.49052298069000244,0.49342143535614014,0.4596737325191498,0.2921502888202667,0.45144250988960266,0.0,0.48319146037101746,0.48451849818229675,0.4863685965538025,0.48026564717292786,0.48727232217788696,0.47965100407600403,0.0006878170534037054,0.12385208904743195,0.10313133150339127,0.48319146037101746,0.48451849818229675,0.4863685965538025,0.024212459102272987,0.03310953825712204,0.04127545654773712,0.0985974594950676,0.0,0.09065517783164978,1.8403306967229582e-07,0.39132627844810486,0.47549206018447876,0.5300958752632141,1.3969142436981201,0.4924882650375366,0.4840989410877228,0.4654950797557831,0.5,0.5,0.49397987127304077,0.24994371831417084,0.2504521608352661,0.25176894664764404,0.012303769588470459,0.02513304352760315,0.053472649306058884,0.0,0.0,0.017336485907435417,2.083787679672241,0.6930404305458069,0.6940425634384155,0.6967045068740845,0.0,0.0,-0.05014905706048012,0.0,0.0,0.008906882256269455,1.0,1.0,0.9790528416633606,0.01992524228990078,0.026765424758195877,0.033302295953035355,0.5075117349624634,0.5172261595726013,0.4706386625766754,0.5,0.5013686418533325,0.5,0.2502184510231018,0.250731498003006,0.2527974247932434,0.01110166311264038,0.009390315040946007,0.06155553460121155,0.6733105182647705,0.6812481880187988,0.0,0.0,0.03760334476828575,0.0,1.0,1.0,0.0,0.0,0.0027372261974960566,1.0,0.518613338470459,0.5252914428710938,0.46780577301979065,1.0,0.9986749291419983,0.0,0.5075117349624634,0.5159010887145996,0.5293613076210022,0.0,0.0,0.0,0.0077321575954556465,0.0,0.0,0.0,0.0,0.0,6.555756092071533,0.4952079653739929,0.49076804518699646,0.48105818033218384,1.0999864339828491,1.3070446252822876,1.391008973121643,3.7980403900146484,0.07473480701446533,0.10567337274551392,0.09401954710483551,0.2953501343727112,0.2752784192562103,0.32892265915870667,0.8995511531829834,0.0,0.0,0.014573510736227036,0.0,0.08892687410116196,0.1222410574555397,0.1570306271314621,0.36819857358932495,0.15279586613178253,0.01992524228990078,0.026765424758195877,0.033302295953035355,0.07999296486377716,0.5075117349624634,0.5159010887145996,0.5293613076210022,0.0,0.0,0.8410557508468628,0.9955371618270874
8,0.00010524058598093688,0.43471598625183105,0.5249462723731995,0.6051212549209595,1.5647835731506348,2.0782904624938965,0.6927811503410339,0.6928200125694275,0.692689061164856,0.024209359660744667,0.033214617520570755,0.04119402542710304,0.0,0.0,0.0,7.328930377960205,0.006825942080467939,0.0,0.0,0.0,0.0,0.0,6.048521041870117,1.2260806560516357,1.3956727981567383,1.53933846950531,4.161092281341553,0.0,0.06487423181533813,0.053633809089660645,0.07374531030654907,0.35847464203834534,0.3402162790298462,0.4083630442619324,1.1070536375045776,0.0,0.036411549896001816,0.03962002322077751,0.03693940490484238,0.11297096312046051,0.02935095503926277,0.516722559928894,0.514018714427948,0.5089578032493591,0.49992841482162476,0.5010897517204285,0.5053877830505371,0.24981234967708588,0.24981695413589478,0.24975353479385376,0.00508306035771966,0.0028199590742588043,0.008189120329916477,0.000711111119017005,0.14277523756027222,0.4258652329444885,-0.0034524244256317616,0.003961089067161083,0.011162009090185165,0.0003558718890417367,0.0835290178656578,0.37443944811820984,0.9995009303092957,0.9186505079269409,0.636336088180542,0.4939386248588562,0.5035351514816284,0.5136314034461975,0.49087759852409363,0.5005223751068115,0.5,0.2503310739994049,0.251487135887146,0.25081637501716614,0.01917845942080021,0.033739954233169556,0.0319695770740509,0.4329479932785034,0.44041404128074646,0.0,-0.018542466685175896,0.001064628828316927,0.0,0.39982205629348755,0.40322038531303406,0.0,0.5819331407546997,0.5978243947029114,1.0,0.49555227160453796,0.49035176634788513,0.4543990194797516,0.4092511534690857,0.402681827545166,0.0,0.48319146037101746,0.48451849818229675,0.4863685965538025,0.48827457427978516,0.4837806820869446,0.48700451850891113,0.000429885636549443,0.08240552991628647,0.36890479922294617,0.48319146037101746,0.48451849818229675,0.4863685965538025,0.024209359660744667,0.033214617520570755,0.04119402542710304,0.09861801564693451,0.0,0.09094606339931488,6.117539305705577e-05,0.3909943997859955,0.4678441286087036,0.5300554633140564,1.3888938426971436,0.4924882650375366,0.4840989410877228,0.45735105872154236,0.5,0.5,0.4842669367790222,0.2501586079597473,0.2503773272037506,0.2512272894382477,0.015510380268096924,0.023786276578903198,0.05630715191364288,0.0,0.0,0.048120301216840744,2.0829966068267822,0.6934629678726196,0.6939108371734619,0.6956228017807007,0.0,0.0,-0.07946684211492538,0.0,0.0,0.025910930708050728,1.0,1.0,0.9426229596138,0.020012570545077324,0.026653777807950974,0.03347446024417877,0.4924882650375366,0.4858657121658325,0.4706386625766754,0.5,0.48095816373825073,0.5,0.2511463165283203,0.25125208497047424,0.2549062967300415,0.03078344464302063,0.029437117278575897,0.07400122284889221,0.0,0.5604230165481567,0.0,0.0,-0.04000155255198479,0.0,0.0,0.6352739930152893,0.0,1.0,0.32664233446121216,1.0,0.47672826051712036,0.5086914896965027,0.4553600549697876,0.0,0.6537102460861206,0.0,0.5075117349624634,0.5159010887145996,0.5293613076210022,0.0,0.0,0.0,0.006442359648644924,0.0,0.0,0.0,0.0,0.0,6.57497501373291,0.4920012950897217,0.4921148121356964,0.4866081178188324,1.0977590084075928,1.273837924003601,1.385324239730835,3.7569217681884766,0.08645500242710114,0.07288205623626709,0.09668180346488953,0.29683709144592285,0.2754543125629425,0.3315587639808655,0.903850257396698,0.0,0.0,0.040720101445913315,0.0,0.08914398401975632,0.1219494417309761,0.15425319969654083,0.36534661054611206,0.11695743352174759,0.020012570545077324,0.026653777807950974,0.03347446024417877,0.08014080673456192,0.5075117349624634,0.5159010887145996,0.5293613076210022,0.0,0.0,0.8320842981338501,1.001246452331543
9,9.130679973168299e-05,0.4345429837703705,0.5264067053794861,0.6018339395523071,1.5627833604812622,2.079115629196167,0.6927478313446045,0.6926221251487732,0.693745493888855,0.024192072451114655,0.033332306891679764,0.041171662509441376,0.0,0.0,0.0,7.433198928833008,0.006349214352667332,0.0,0.0,0.0,0.0,0.0,6.121796607971191,1.2249677181243896,1.3951746225357056,1.5223987102508545,4.14254093170166,0.0,0.06397020816802979,0.05494189262390137,0.06691029667854309,0.3582153618335724,0.34114232659339905,0.40844646096229553,1.1078041791915894,0.0,0.03646586835384369,0.04273856058716774,0.05282237008213997,0.132026806473732,0.02517038956284523,0.5162926912307739,0.5158065557479858,0.5063872933387756,0.4995240569114685,0.502990186214447,0.4993024170398712,0.2497858703136444,0.24973349273204803,0.25028547644615173,0.004840240813791752,0.0036552157253026962,0.012503191828727722,0.0014199503930285573,0.15128205716609955,0.32057467103004456,-0.013718590140342712,0.01066128071397543,-0.0016323874006047845,0.0007117437780834734,0.08906406909227371,0.23942984640598297,0.9983363747596741,0.9169163107872009,0.7591750025749207,0.5058034658432007,0.5008533000946045,0.5136314034461975,0.5015463829040527,0.4996892213821411,0.5,0.25010424852371216,0.2518966794013977,0.251228392124176,0.0089461300522089,0.038101352751255035,0.035408955067396164,0.42300742864608765,0.47288018465042114,0.0,0.0031952164135873318,-0.0006230112048797309,0.0,0.37491104006767273,0.4620932638645172,0.0,0.6281816959381104,0.5372852087020874,1.0,0.4921376407146454,0.49047043919563293,0.45095956325531006,0.37331271171569824,0.46241363883018494,0.0,0.48319146037101746,0.48451849818229675,0.4863685965538025,0.4880317151546478,0.4881736636161804,0.4917152225971222,0.0012036798289045691,0.08598130941390991,0.2401464432477951,0.48319146037101746,0.48451849818229675,0.4863685965538025,0.024192072451114655,0.033332306891679764,0.041171662509441376,0.0986960381269455,0.0,0.09193456172943115,5.890190732316114e-05,0.39103230834007263,0.47119370102882385,0.550075352191925,1.4123014211654663,0.4924882650375366,0.4840989410877228,0.5293613076210022,0.5,0.5,0.5,0.2504752576351166,0.25026974081993103,0.24940824508666992,0.022278696298599243,0.022883951663970947,0.014235317707061768,0.0,0.0,0.6922645568847656,2.0796937942504883,0.6940824389457703,0.6936566233634949,0.6919547319412231,0.0,0.0,0.0,0.0,0.0,1.0,1.0,1.0,0.0,0.019975226372480392,0.02687644027173519,0.03380480408668518,0.4924882650375366,0.5159010887145996,0.4706386625766754,0.5,0.5,0.5,0.2505689561367035,0.2510627806186676,0.2553318440914154,0.02257251739501953,0.023426949977874756,0.07769927382469177,0.0,0.6806526780128479,0.0,0.0,0.0,0.0,0.0,1.0,0.0,1.0,0.0,1.0,0.48493921756744385,0.5393280386924744,0.4516620337963104,0.0,1.0,0.0,0.5075117349624634,0.5159010887145996,0.5293613076210022,0.0,0.0,0.0,0.0067064459435641766,0.0,0.0,0.0,0.0,0.0,6.729881286621094,0.48523303866386414,0.49301713705062866,0.5151259899139404,1.0984923839569092,1.286143183708191,1.4543817043304443,3.839017152786255,0.08331473171710968,0.10356944799423218,0.1460118442773819,0.29600852727890015,0.2759503126144409,0.33568325638771057,0.9076420068740845,0.0,0.0,1.0,0.0,0.09138384461402893,0.12142614275217056,0.14637207984924316,0.35918208956718445,0.17023713886737823,0.019975226372480392,0.02687644027173519,0.03380480408668518,0.08065646886825562,0.5075117349624634,0.5159010887145996,0.5293613076210022,0.0,0.0,0.8423465490341187,1.009551763534546
10,5.2688286814372987e-05,0.4336299002170563,0.5246559977531433,0.6021108627319336,1.5603967905044556,2.07924222946167,0.6925918459892273,0.6928482055664062,0.6938022971153259,0.024210378527641296,0.03317897766828537,0.04107942804694176,0.0,0.0,0.0,7.143094539642334,0.005841033533215523,0.0,0.0,0.0,0.0,0.0,6.066854476928711,1.224563717842102,1.391067624092102,1.5294889211654663,4.145120143890381,0.0,0.058360934257507324,0.057239383459091187,0.06753097474575043,0.35818323493003845,0.33942508697509766,0.40828362107276917,1.1058917045593262,0.0,0.04159094765782356,0.03962577134370804,0.04511882737278938,0.1263355165719986,0.0266426969319582,0.516894519329071,0.5154815316200256,0.510749340057373,0.5000947713851929,0.5,0.5027453899383545,0.2497124969959259,0.2498345673084259,0.2502947151660919,0.0008354905294254422,0.0006515681743621826,0.013532467186450958,0.000711364031303674,0.0,0.29371413588523865,0.005897405557334423,0.0,0.0067816306836903095,0.0003558718890417367,0.0,0.20916078984737396,0.9998336434364319,1.0,0.7963299751281738,0.5116499066352844,0.504997968673706,0.5136314034461975,0.5030706524848938,0.5010244846343994,0.5,0.2500143349170685,0.2508832514286041,0.2507467269897461,0.006724927574396133,0.029472384601831436,0.030240625143051147,0.3290810286998749,0.42183199524879456,0.0,0.0071385628543794155,0.002118956996127963,0.0,0.24786476790905,0.3726937174797058,0.0,0.7582765221595764,0.6293551921844482,1.0,0.4899164140224457,0.48337486386299133,0.45612794160842896,0.2446909099817276,0.3716375529766083,0.0,0.48319146037101746,0.48451849818229675,0.4863685965538025,0.4839424192905426,0.4838668406009674,0.4784475564956665,0.0002579313877504319,0.0,0.20634055137634277,0.48319146037101746,0.48451849818229675,0.4863685965538025,0.024210378527641296,0.03317897766828537,0.04107942804694176,0.09846878796815872,0.0,0.09220416843891144,1.3291545656102244e-05,0.390186607837677,0.47209882736206055,0.5349555611610413,1.3972408771514893,0.4924882650375366,0.4840989410877228,0.4706386625766754,0.5,0.5,0.5,0.25078269839286804,0.25014540553092957,0.25100335478782654,0.027929842472076416,0.02138426899909973,0.041521668434143066,0.0,0.0,0.0,2.083252429962158,0.69468754529953,0.6934180855751038,0.695146918296814,0.0,0.0,0.0,0.0,0.0,0.0,1.0,1.0,1.0,0.019993308931589127,0.027038926258683205,0.03333163633942604,0.5159624218940735,0.5159010887145996,0.4706386625766754,0.5093415379524231,0.5,0.5,0.24975620210170746,0.25177013874053955,0.25338438153266907,0.00874580442905426,0.039353013038635254,0.0640580952167511,0.6658022999763489,0.6806526780128479,0.0,0.039592619985342026,0.0,0.0,0.9500462412834167,1.0,0.0,0.06863679736852646,0.0,1.0,0.5162575244903564,0.5552540421485901,0.4653032124042511,0.9408450722694397,1.0,0.0,0.5075117349624634,0.5159010887145996,0.5293613076210022,0.0,0.0,0.0,0.004760479088872671,0.0,0.0,0.0,0.0,0.0,6.566025257110596,0.47958189249038696,0.4945168197154999,0.48783963918685913,1.095226526260376,1.284848690032959,1.4057337045669556,3.785808801651001,0.06880319118499756,0.11263781785964966,0.10867060720920563,0.2948096990585327,0.2776423394680023,0.3302491009235382,0.9027010798454285,0.0,0.0,0.0,0.0,0.09432263672351837,0.12139081209897995,0.15345162153244019,0.3691650331020355,0.1415145844221115,0.019993308931589127,0.027038926258683205,0.03333163633942604,0.08036386966705322,0.5075117349624634,0.5159010887145996,0.5293613076210022,0.0,0.0,0.844869077205658,1.0116145610809326
11,2.32225502259098e-05,0.43366968631744385,0.524605393409729,0.6014343500137329,1.5597095489501953,2.0785210132598877,0.6926671266555786,0.6928558349609375,0.6929982900619507,0.024226121604442596,0.03334629535675049,0.04111019894480705,0.0,0.0,0.0,6.850342273712158,0.005527861882001162,0.0,0.0,0.0,0.0,0.0,6.012399673461914,1.222452163696289,1.3919693231582642,1.5233914852142334,4.137813091278076,0.0,0.06257259845733643,0.04805475473403931,0.07109585404396057,0.35818564891815186,0.34085527062416077,0.40851113200187683,1.1075519323349,0.0,0.03226481378078461,0.03564948961138725,0.04045042768120766,0.10836475342512131,0.02791457623243332,0.517066478729248,0.5152376890182495,0.5143324732780457,0.500295877456665,0.49994486570358276,0.5051113367080688,0.24974685907363892,0.2498285174369812,0.24990329146385193,0.0015753047773614526,0.0005929692997597158,0.0027195506263524294,0.0028404046315699816,0.011926453560590744,0.2505108714103699,0.008848924189805984,-0.0007080254144966602,0.013880118727684021,0.0014234875561669469,0.006038242019712925,0.16688020527362823,0.9991682171821594,0.9938514828681946,0.8433424234390259,0.5013326406478882,0.4921576678752899,0.5136314034461975,0.4936792254447937,0.4919196665287018,0.5,0.2500474452972412,0.2524346113204956,0.25098761916160583,0.01165663730353117,0.048413120210170746,0.03489641845226288,0.3401592969894409,0.4802461862564087,0.0,-0.01418736856430769,-0.016154695302248,0.0,0.2660142481327057,0.48423346877098083,0.0,0.7213441729545593,0.49960586428642273,1.0,0.4948481321334839,0.4917445480823517,0.4516593813896179,0.27254751324653625,0.49256399273872375,0.0,0.48319146037101746,0.48451849818229675,0.4863685965538025,0.4845156669616699,0.4851114749908447,0.48908814787864685,0.0011177026899531484,0.0060950834304094315,0.1616295427083969,0.48319146037101746,0.48451849818229675,0.4863685965538025,0.024226121604442596,0.03334629535675049,0.04111019894480705,0.09868263453245163,0.0,0.09265168756246567,2.674456027307315e-06,0.3903467059135437,0.47428247332572937,0.5371913313865662,1.4018205404281616,0.4924882650375366,0.4898409843444824,0.4719245731830597,0.5,0.5017404556274414,0.4958599805831909,0.25048163533210754,0.24999253451824188,0.25064706802368164,0.023314446210861206,0.018887806683778763,0.035837721079587936,0.0,0.2050929069519043,0.1503448337316513,2.081655979156494,0.6940916776657104,0.6931036710739136,0.6944606900215149,0.0,0.0052441260777413845,-0.014288462698459625,0.0,0.12756849825382233,0.08825910836458206,1.0,0.8759124279022217,0.9034608602523804,0.019957520067691803,0.027112875133752823,0.03324895352125168,0.5201877951622009,0.5159010887145996,0.4706386625766754,0.5171869993209839,0.5,0.5,0.24987606704235077,0.25179043412208557,0.25284722447395325,0.013749995268881321,0.04330927133560181,0.059267640113830566,0.6026439070701599,0.6806526780128479,0.0,0.03750082850456238,0.0,0.0,0.7169287800788879,1.0,0.0,0.31744518876075745,0.0,1.0,0.5002047419548035,0.5592104196548462,0.4700937271118164,0.699999988079071,1.0,0.0,0.5075117349624634,0.5159010887145996,0.5293613076210022,0.0,0.0,0.0,0.0055466401390731335,0.0,0.0,0.0,0.0,0.0,6.589917182922363,0.4841972887516022,0.4970133602619171,0.4935237467288971,1.0961936712265015,1.292649745941162,1.4160575866699219,3.8049018383026123,0.07355897128582001,0.1226378083229065,0.11368806660175323,0.2949749231338501,0.2781679630279541,0.3295564651489258,0.9026994109153748,0.0,0.12588338553905487,0.09215602278709412,0.0,0.09176550805568695,0.12095355987548828,0.15103870630264282,0.36375778913497925,0.15412521362304688,0.019957520067691803,0.027112875133752823,0.03324895352125168,0.08031933754682541,0.5075117349624634,0.5159010887145996,0.5293613076210022,0.0,0.0,0.8491040468215942,1.0102272033691406
12,2.7529029466677457e-05,0.43328869342803955,0.5232138633728027,0.6017580032348633,1.5582607984542847,2.0783445835113525,0.6927356719970703,0.6927024722099304,0.6929062604904175,0.024217939004302025,0.03325580805540085,0.04105750098824501,0.0,0.0,0.0,6.742225646972656,0.00577059481292963,0.0,0.0,0.0,0.0,0.0,6.0544328689575195,1.2202866077423096,1.3875266313552856,1.5266388654708862,4.134451866149902,0.0,0.05869734287261963,0.0502626895904541,0.06925353407859802,0.35794612765312195,0.3392033278942108,0.4081737697124481,1.1053234338760376,0.0,0.041060999035835266,0.038064658641815186,0.035204097628593445,0.11432978510856628,0.029707202687859535,0.5169804692268372,0.5153189897537231,0.5180713534355164,0.5002126693725586,0.49988263845443726,0.5061880350112915,0.24978113174438477,0.2497577667236328,0.2498655915260315,0.0032098530791699886,0.00023276873980648816,0.0028628103900700808,0.0028399007860571146,0.002675585448741913,0.12427458167076111,0.00612976448610425,-0.0030691262800246477,0.02528238855302334,0.0014234875561669469,0.00134183163754642,0.07030749320983887,0.9990018010139465,0.9984234571456909,0.9420685768127441,0.5188719630241394,0.5060544610023499,0.5136314034461975,0.5044732093811035,0.5036863684654236,0.5,0.24981683492660522,0.25108298659324646,0.2507404386997223,0.008893104270100594,0.029998579993844032,0.03394162654876709,0.13267205655574799,0.45596131682395935,0.0,0.017347613349556923,0.007457233499735594,0.0,0.07615658640861511,0.4272056221961975,0.0,0.9327898621559143,0.5801671147346497,1.0,0.49035435914993286,0.48680517077445984,0.4524269700050354,0.0715329721570015,0.42340511083602905,0.0,0.48319146037101746,0.48451849818229675,0.4863685965538025,0.48623764514923096,0.4844502806663513,0.4835057556629181,0.0012036798289045691,0.0014628199860453606,0.06395076960325241,0.48319146037101746,0.48451849818229675,0.4863685965538025,0.024217939004302025,0.03325580805540085,0.04105750098824501,0.09853123873472214,0.0,0.09284956008195877,2.2823056497145444e-05,0.3901084363460541,0.46685144305229187,0.5396565198898315,1.3966163396835327,0.4924882650375366,0.4840989410877228,0.4684954881668091,0.5,0.5,0.4913582503795624,0.2505337595939636,0.250314861536026,0.25024911761283875,0.024367481470108032,0.025960564613342285,0.035380180925130844,0.0,0.0,0.16890080273151398,2.0816147327423096,0.6942048072814941,0.6937472820281982,0.6936625838279724,0.0,0.0,-0.027554158121347427,0.0,0.0,0.10202429443597794,1.0,1.0,0.880692183971405,0.019973671063780785,0.02677338756620884,0.03348499536514282,0.49201878905296326,0.5167844295501709,0.4706386625766754,0.49680018424987793,0.5009124279022217,0.5,0.2501026690006256,0.25059378147125244,0.2542036473751068,0.013926909305155277,0.01699831895530224,0.06928327679634094,0.2629427909851074,0.6810495257377625,0.0,-0.00829759705811739,0.030696215108036995,0.0,0.17853839695453644,1.0,0.0,0.8150619864463806,0.0018248175038024783,1.0,0.4943351447582245,0.5328993797302246,0.46007809042930603,0.18169014155864716,0.9991165995597839,0.0,0.5075117349624634,0.5159010887145996,0.5293613076210022,0.0,0.0,0.0,0.005720965098589659,0.0,0.0,0.0,0.0,0.0,6.559348106384277,0.48314425349235535,0.4899405241012573,0.4972025454044342,1.0943794250488281,1.2681459188461304,1.4200471639633179,3.7825727462768555,0.07552686333656311,0.086123526096344,0.1227564662694931,0.29530423879623413,0.27501869201660156,0.33203190565109253,0.9023548364639282,0.0,0.0,0.11015859246253967,0.0,0.09224573522806168,0.12213194370269775,0.14966538548469543,0.36404305696487427,0.1389928013086319,0.019973671063780785,0.02677338756620884,0.03348499536514282,0.08023204654455185,0.5075117349624634,0.5159010887145996,0.5293613076210022,0.0,0.0,0.8417430520057678,1.0165899991989136
